template,jaccard,tm_sum,contact_count,close_matches,recapitulation,prism_combined,consensus,precision,RRF_tm+contact,RRF_all
174lAB,0.0,0.6399,46.0,47.0,0.0,0.5465,0.009424,0.043478,0.005677,0.012955
176lAB,0.0,0.5707,65.0,31.0,0.0,0.5655,0.00707,0.030769,0.008169,0.01301
1apxAB,0.0,0.7178,57.0,42.0,0.5833,0.4856,0.020231,0.368421,0.008498,0.024049
1apyAC,0.3235,0.5698,65.0,46.0,1.0,0.4344,0.007426,0.076923,0.008116,0.015139
1aroLP,0.0,0.7101,23.0,50.0,0.0,0.5468,0.012629,0.086957,0.005165,0.014331
1aznAC,0.0,0.4647,21.0,32.0,0.125,0.6857,0.010047,0.190476,0.002781,0.009939
1b27AD,1.0,1.9314,57.0,75.0,1.0,1.4156,0.006617,0.754386,0.020918,0.054452
1b4aCD,0.0,0.5879,88.0,41.0,0.625,0.4459,0.015288,0.045455,0.014089,0.021749
1b65BD,0.4516,0.5346,61.0,53.0,0.0,0.4284,0.007012,0.0,0.007011,0.015511
1bq7DF,0.0811,0.6109,52.0,45.0,0.25,0.4508,0.015396,0.115385,0.006238,0.015085
1buhAB,0.0,0.6677,91.0,33.0,0.0,0.6437,0.016452,0.0,0.015441,0.022287
1c4gAB,0.0513,0.7404,61.0,35.0,0.0,0.5626,0.008599,0.0,0.010071,0.015291
1c6vAX,0.0,0.6026,23.0,29.0,0.1667,0.6777,0.020671,0.304348,0.003668,0.016101
1c7zAB,0.0968,0.5559,40.0,49.0,0.2,0.589,0.011958,0.2,0.004318,0.014604
1c9bEF,0.1111,0.7347,23.0,51.0,0.4286,0.607,0.006283,0.521739,0.005941,0.025225
1cf7AB,0.0732,0.8192,76.0,46.0,0.0667,0.6775,0.019357,0.026316,0.016724,0.026119
1cfzAE,0.0,0.8186,40.0,41.0,0.0,0.5705,0.027348,0.0,0.01029,0.023346
1cliBD,0.0,0.6235,51.0,49.0,0.4615,0.4924,0.014989,0.235294,0.006163,0.017734
1d2zAB,0.0,0.6284,52.0,48.0,0.0,0.5978,0.010143,0.0,0.006451,0.014086
1d2zBC,0.0,0.5902,72.0,37.0,0.5,0.6909,0.010136,0.125,0.010254,0.016982
1d9gAB,0.0,0.5913,25.0,71.0,0.2353,0.3776,0.003121,0.72,0.003653,0.03561
1d9qBC,0.0,0.7341,52.0,46.0,0.375,0.4855,0.015535,0.346154,0.008409,0.022311
1dceBD,0.3235,0.5048,70.0,36.0,0.6667,0.497,0.007514,0.157143,0.008985,0.015483
1ehiAB,0.1935,0.5403,39.0,67.0,0.0,0.3431,0.012413,0.153846,0.00409,0.021879
1ei1AB,0.0,0.4653,38.0,62.0,0.25,0.2963,0.019052,0.052632,0.003714,0.018999
1ejiAC,0.0,0.7096,23.0,42.0,0.3333,0.478,0.018849,0.26087,0.005131,0.016893
1ekjBC,0.0,0.7289,21.0,51.0,0.4545,0.6074,0.015621,0.333333,0.00567,0.020563
1epfCD,0.1053,0.5302,52.0,38.0,0.4286,0.4861,0.009699,0.153846,0.005538,0.012622
1esnBC,0.0857,0.6308,45.0,38.0,0.0833,0.4833,0.007964,0.133333,0.005527,0.012032
1esnCD,0.3929,0.4497,43.0,60.0,0.0,0.4048,0.005948,0.0,0.004155,0.015801
1eujAB,0.2059,0.5778,63.0,38.0,0.1818,0.5371,0.005597,0.031746,0.007696,0.012996
1ewvAB,0.0,0.7507,22.0,42.0,0.5,0.5353,0.02299,0.545455,0.006504,0.029813
1ewyAC,0.0,0.5128,26.0,42.0,0.0,0.5649,0.010394,0.0,0.003109,0.009586
1f2kAB,0.0,0.7331,54.0,29.0,0.8571,0.6015,0.021007,0.222222,0.008551,0.019265
1f6dBC,0.025,0.6929,54.0,41.0,0.1,0.5336,0.014424,0.037037,0.007435,0.014757
1ft8AB,0.0294,0.7865,33.0,51.0,0.1333,0.5753,0.027719,0.151515,0.008185,0.024976
1fyfAB,0.1351,0.4914,61.0,56.0,0.45,0.3408,0.01066,0.163934,0.006776,0.018647
1g21EF,0.0,0.6078,38.0,60.0,0.0,0.4474,0.011256,0.131579,0.004554,0.018117
1g63CH,0.0278,0.6876,32.0,40.0,0.0,0.7096,0.016573,0.0625,0.00514,0.013095
1g73AC,0.0,0.7566,41.0,47.0,0.5455,0.5667,0.012407,0.292683,0.007779,0.019553
1gh6AB,0.0,0.7002,34.0,41.0,0.0,0.568,0.022526,0.088235,0.00548,0.016458
1gkaAB,0.0,0.6151,32.0,41.0,0.0,0.4656,0.021451,0.03125,0.004204,0.014081
1gph24,0.6087,0.5855,56.0,42.0,0.0,0.4343,0.007948,0.0,0.006375,0.01234
1gt7OP,0.0667,0.5882,79.0,58.0,0.0,0.4531,0.010756,0.0,0.011853,0.023033
1gulFG,0.0,0.82,36.0,37.0,0.6667,0.5308,0.034642,0.194444,0.010144,0.028337
1gvfAB,0.0,0.5499,40.0,35.0,0.0,0.5842,0.007478,0.0,0.004268,0.00929
1gytAD,0.0,0.6568,64.0,47.0,0.1613,0.5387,0.013006,0.234375,0.008862,0.019382
1h1vAG,0.0,0.7123,102.0,56.0,0.7,0.5182,0.022342,0.303922,0.018003,0.036545
1h6kBY,0.0,0.6444,26.0,54.0,0.0,0.5391,0.029235,0.0,0.00425,0.021677
1hcyDE,0.0256,0.4567,58.0,42.0,0.3333,0.3746,0.008471,0.034483,0.005983,0.012179
1hjxAD,0.0,0.5843,47.0,48.0,0.7222,0.5736,0.024597,0.234043,0.005177,0.020599
1htmDF,0.0385,0.4716,21.0,47.0,0.0,0.3667,0.002684,0.047619,0.002801,0.00949
1i8nAB,0.0857,0.6461,40.0,37.0,0.4,0.5175,0.010296,0.125,0.005164,0.011918
1iarAB,0.2143,0.6619,28.0,51.0,0.0,0.5403,0.006916,0.0,0.004562,0.012342
1ifvAB,0.0,0.8585,34.0,32.0,0.8182,0.6875,0.016321,0.205882,0.012384,0.021259
1im3AD,0.0513,0.6296,52.0,38.0,0.0714,0.583,0.006975,0.038462,0.006428,0.011918
1iqpCF,0.2174,0.6321,21.0,65.0,0.0,0.4625,0.007914,0.0,0.00391,0.018461
1irjBE,0.0,0.7594,44.0,34.0,0.2222,0.6275,0.017834,0.113636,0.00817,0.016122
1itbAB,0.2963,0.4819,52.0,60.0,0.0,0.3624,0.005697,0.038462,0.005342,0.017017
1itqAB,0.0286,0.5377,36.0,60.0,0.0,0.3735,0.011922,0.027778,0.003831,0.016448
1itwAD,0.0312,0.6252,21.0,39.0,0.0,0.4827,0.011905,0.190476,0.003836,0.012032
1ixsAB,0.0,0.8998,61.0,42.0,0.0,0.5818,0.015991,0.0,0.018652,0.026391
1jcnAB,0.0,0.5377,65.0,31.0,0.4,0.5692,0.010805,0.169231,0.007837,0.014789
1jgtAB,0.0,0.5224,36.0,46.0,0.0,0.417,0.006182,0.0,0.003746,0.010074
1jl3CD,0.0606,0.6761,34.0,37.0,0.3333,0.4427,0.008245,0.029412,0.005138,0.010588
1jvoEH,0.1562,0.4727,25.0,32.0,0.3333,0.5437,0.009249,0.24,0.002971,0.010807
1jx7EF,0.0,0.7388,37.0,51.0,0.0,0.6411,0.028746,0.0,0.006897,0.022899
1jy3RS,0.0,0.7734,47.0,32.0,0.0,0.4998,0.006641,0.0,0.009023,0.013709
1k3fAD,0.0,0.5282,25.0,52.0,0.0,0.3824,0.012717,0.0,0.00314,0.012308
1k3fBF,0.0,0.5395,28.0,54.0,0.3333,0.358,0.015328,0.285714,0.003352,0.017909
1k3fCE,0.1143,0.5134,50.0,49.0,0.25,0.3778,0.005578,0.26,0.005114,0.015393
1k82AC,0.0345,0.541,24.0,37.0,0.3333,0.7145,0.0056,0.125,0.003196,0.009194
1k9iBG,0.1071,0.4475,24.0,31.0,0.0,0.5797,0.004998,0.0,0.002885,0.007373
1kcfAB,0.0833,0.8995,70.0,53.0,0.1667,0.6368,0.015256,0.085714,0.020621,0.031326
1kfqAB,0.0,0.5444,25.0,40.0,0.75,0.387,0.021098,0.36,0.003255,0.018623
1kohBD,0.0857,0.5696,43.0,28.0,0.2857,0.5065,0.008402,0.255814,0.004663,0.012517
1kytAB,0.0465,0.5375,62.0,30.0,0.5,0.4625,0.00895,0.048387,0.007146,0.012379
1kzc12,0.0256,0.6208,47.0,33.0,0.0,0.644,0.009808,0.0,0.005529,0.010789
1lcuAB,0.0,0.6209,29.0,39.0,0.5,0.5822,0.012059,0.310345,0.004136,0.014913
1lf8BC,0.0256,0.662,40.0,42.0,0.0,0.5521,0.017016,0.0,0.005368,0.013273
1lkyCD,0.0,0.8301,48.0,36.0,0.2667,0.5561,0.020352,0.1875,0.011601,0.021715
1lssAB,0.0816,0.5559,116.0,40.0,0.2273,0.384,0.018363,0.146552,0.017155,0.026429
1luaBC,0.0,0.7587,36.0,39.0,0.0,0.5817,0.021235,0.027778,0.007429,0.016825
1lvbAB,0.0,0.6148,51.0,36.0,0.3077,0.5548,0.023376,0.098039,0.006003,0.016951
1m7gCD,0.0244,0.781,45.0,50.0,0.56,0.5997,0.009762,0.355556,0.009054,0.02299
1miyAB,0.12,0.6866,24.0,36.0,0.0,0.5118,0.005419,0.0,0.004703,0.009583
1mkmAB,0.1351,0.5463,63.0,60.0,0.0,0.4337,0.008579,0.031746,0.007418,0.01926
1ml1IK,0.0,0.6704,66.0,38.0,0.6154,0.5324,0.018326,0.272727,0.009581,0.020891
1mt1IL,0.0,0.6861,49.0,34.0,0.4444,0.5563,0.00929,0.122449,0.006627,0.012774
1n13DE,0.0,0.745,25.0,38.0,0.625,0.5029,0.022543,0.56,0.00638,0.029281
1n2cCH,0.0882,0.6514,24.0,41.0,0.1667,0.502,0.015836,0.125,0.004261,0.012729
1n4qBJ,0.0,0.7128,21.0,31.0,0.4,0.5351,0.029796,0.142857,0.005166,0.020145
1ndfAB,0.0,0.6283,33.0,35.0,0.75,0.4463,0.016202,0.121212,0.004453,0.012299
1nipAB,0.1379,0.5508,31.0,46.0,0.2857,0.3929,0.007365,0.225806,0.003624,0.012561
1nmoCE,0.0,0.752,38.0,36.0,0.0,0.7659,0.021106,0.0,0.007465,0.016342
1nmpCE,0.0,0.7132,23.0,34.0,0.1429,0.7129,0.02199,0.086957,0.005266,0.015059
1nvmDE,0.0233,0.7359,70.0,38.0,0.3,0.6431,0.018126,0.057143,0.011912,0.019979
1o57CD,0.0,0.5087,53.0,55.0,0.5455,0.3648,0.012106,0.226415,0.005595,0.018345
1o87AB,0.5333,0.5328,72.0,58.0,0.0,0.4622,0.00562,0.0,0.009722,0.019951
1o9kAB,0.0,0.7452,46.0,48.0,0.0,0.5581,0.022964,0.043478,0.007908,0.02014
1o9kAG,0.0,0.7702,25.0,37.0,0.6,0.583,0.01422,0.2,0.007284,0.015893
1o9kBC,0.0,0.7647,64.0,33.0,0.1,0.6534,0.0063,0.015625,0.011519,0.016281
1orrCD,0.0,0.664,23.0,46.0,0.1818,0.4958,0.010618,0.347826,0.004372,0.017349
1oypAF,0.0882,0.5021,38.0,30.0,0.4167,0.6125,0.004754,0.157895,0.003782,0.009622
1ozfAB,0.1379,0.5225,37.0,29.0,0.5385,0.5128,0.006835,0.189189,0.003813,0.010226
1p8vAC,0.125,0.4778,41.0,39.0,0.25,0.5978,0.008741,0.219512,0.004018,0.011982
1pb0AB,0.1081,0.5457,57.0,38.0,0.0,0.5768,0.006769,0.0,0.006205,0.011422
1pc6AB,0.48,0.488,57.0,64.0,0.0,0.3706,0.005248,0.0,0.005905,0.01921
1pduAB,0.0645,0.8707,22.0,39.0,0.1667,0.5755,0.007882,0.045455,0.012562,0.018288
1pioAB,0.4872,0.5373,108.0,48.0,0.0435,0.4535,0.007774,0.027778,0.016324,0.023516
1pmmAC,0.0,0.7755,40.0,28.0,0.125,0.4276,0.01875,0.175,0.008395,0.017236
1pp6AD,0.0278,0.6784,39.0,28.0,0.5,0.6088,0.013858,0.25641,0.005525,0.014615
1py6AB,0.0,0.7145,42.0,43.0,0.625,0.5099,0.035336,0.261905,0.00652,0.027859
1q4qFH,0.0286,0.5466,42.0,29.0,0.2857,0.6817,0.006881,0.095238,0.00439,0.009649
1qatAB,0.0,0.7219,33.0,37.0,0.4,0.5028,0.012655,0.242424,0.006086,0.015174
1qbeAB,0.069,0.5826,23.0,29.0,0.1667,0.5238,0.005466,0.043478,0.00346,0.008142
1ql3BD,0.0,0.8561,39.0,37.0,0.3077,0.6139,0.027049,0.384615,0.012534,0.032265
1qo0BD,0.84,0.6126,63.0,36.0,0.0,0.5357,0.00757,0.047619,0.007924,0.013344
1qtyWX,0.0625,0.6798,47.0,30.0,0.0,0.52,0.011222,0.021277,0.00626,0.011801
1r0vBC,0.0303,0.6958,37.0,30.0,1.0,0.6195,0.008397,0.054054,0.00558,0.010772
1r2fAB,0.0323,0.591,20.0,65.0,0.4,0.4339,0.009971,0.3,0.003432,0.022466
1r59OX,0.0,0.665,33.0,41.0,0.0,0.5903,0.033106,0.0,0.004899,0.020982
1re5AC,0.0,0.5832,34.0,44.0,0.4348,0.43,0.010796,0.411765,0.004046,0.018973
1rk4AB,0.0,0.6663,31.0,54.0,0.0,0.5251,0.008671,0.0,0.00479,0.013823
1rpeLR,0.0,0.5069,27.0,29.0,0.0,0.72,0.015254,0.0,0.003128,0.009367
1s4eHI,0.0,0.8377,21.0,35.0,0.7143,0.5272,0.015965,0.380952,0.010414,0.024327
1s4fAB,0.1765,0.4834,49.0,56.0,0.3333,0.3201,0.005662,0.020408,0.004873,0.014421
1s5eBL,0.0,0.7206,76.0,30.0,0.7,0.538,0.019319,0.197368,0.012821,0.022213
1sfnAB,0.0465,0.4534,68.0,33.0,0.2143,0.5032,0.008926,0.088235,0.008296,0.01397
1shzCD,0.0,0.7998,47.0,37.0,0.7,0.5995,0.015343,0.255319,0.009767,0.019712
1sjaBC,0.0,0.567,29.0,48.0,0.0,0.4059,0.010016,0.241379,0.003605,0.013921
1sotAC,0.2692,0.566,25.0,35.0,1.0,0.4394,0.011329,0.12,0.003402,0.010105
1sqpJK,0.0,0.8234,41.0,35.0,0.7692,0.4986,0.035563,0.390244,0.010675,0.035313
1ssmAC,0.5806,0.6184,88.0,53.0,0.0,0.4471,0.006667,0.0,0.014209,0.022534
1t44AG,0.0,0.6045,28.0,68.0,0.2222,0.446,0.020644,0.321429,0.003903,0.028401
1t7lAB,0.1034,0.5049,20.0,54.0,0.0,0.3703,0.01091,0.1,0.002833,0.013109
1t8qBC,0.1818,0.7381,101.0,56.0,0.5306,0.526,0.010888,0.366337,0.018497,0.035246
1t92AB,0.0476,0.6706,73.0,50.0,0.7917,0.5799,0.024487,0.424658,0.011371,0.03267
1tbpAB,0.0526,0.5172,43.0,64.0,0.0345,0.4891,0.006385,0.093023,0.004306,0.018286
1tbwAB,0.0667,0.5747,23.0,31.0,0.7778,0.677,0.010116,0.565217,0.003398,0.021704
1tcoAC,0.0,0.521,27.0,29.0,0.0,0.4552,0.007868,0.0,0.003194,0.00784
1tfkAB,0.0263,0.7016,59.0,49.0,0.3,0.5398,0.021554,0.101695,0.008386,0.020503
1tjlBD,0.0,0.8561,73.0,51.0,0.1667,0.5738,0.020627,0.136986,0.018333,0.030619
1tlbSU,0.0,0.7933,79.0,40.0,0.5455,0.452,0.019664,0.075949,0.016202,0.025201
1tljAB,0.0294,0.5039,45.0,60.0,0.0,0.3585,0.007996,0.066667,0.004481,0.016433
1tueAH,0.027,0.5842,52.0,42.0,0.5455,0.3821,0.01459,0.076923,0.00591,0.013704
1tueMQ,0.0,0.6901,30.0,52.0,0.3077,0.4808,0.020617,0.133333,0.00503,0.017554
1u2gAB,0.3,0.4829,51.0,55.0,0.5217,0.3305,0.007877,0.411765,0.005142,0.022445
1u2lAB,0.0,0.5451,39.0,37.0,0.3333,0.4527,0.021046,0.384615,0.004116,0.020202
1u2vCG,0.0,0.6202,60.0,38.0,0.0,0.5961,0.01934,0.0,0.007438,0.01548
1uduAB,0.0,0.5214,41.0,28.0,0.8333,0.5122,0.017517,0.195122,0.004147,0.012855
1ueiAB,0.1667,0.5342,31.0,32.0,0.6,0.5892,0.009929,0.16129,0.003465,0.010135
1uf9AC,0.0,0.6739,24.0,30.0,0.5714,0.4352,0.008911,0.208333,0.004555,0.011675
1up4AB,0.0,0.64,50.0,60.0,0.3529,0.4568,0.019624,0.12,0.006208,0.021407
1utzAB,0.2333,0.4904,26.0,37.0,0.1111,0.6,0.00717,0.0,0.003038,0.008157
1v9cAB,0.1613,0.5858,21.0,40.0,0.0,0.3887,0.010666,0.0,0.003415,0.00954
1vi8FH,0.0233,0.6729,56.0,32.0,0.4444,0.4707,0.01329,0.142857,0.007351,0.014519
1viqAB,0.0,0.7243,59.0,25.0,0.0,0.4515,0.010385,0.0,0.009069,0.01417
1vkcAB,0.0,0.8065,80.0,33.0,0.0,0.4664,0.01073,0.05,0.017296,0.02314
1vkpAB,0.0263,0.6362,54.0,50.0,0.0,0.5207,0.008216,0.0,0.006687,0.014214
1vl0AB,0.1,0.641,59.0,48.0,0.3636,0.5426,0.014304,0.169492,0.007496,0.017456
1w3bAB,0.0,0.913,38.0,45.0,0.6667,0.62,0.020573,0.368421,0.01641,0.032487
1wc1BC,0.24,0.5691,22.0,59.0,0.0,0.4409,0.006109,0.0,0.003301,0.01402
1wwpAB,0.0,0.7353,45.0,44.0,0.5,0.4968,0.022222,0.488889,0.007476,0.028394
1xcbCD,0.0513,0.5456,51.0,65.0,0.3333,0.4278,0.008387,0.078431,0.005415,0.0203
1xdmBC,0.0244,0.8864,55.0,34.0,0.1429,0.6464,0.0232,0.036364,0.016638,0.026829
1xeaAD,0.0,0.6462,71.0,42.0,0.375,0.5243,0.017789,0.056338,0.010646,0.01906
1xg5CD,0.2,0.6554,111.0,51.0,0.2857,0.5318,0.009321,0.09009,0.017719,0.026398
1xkfAB,0.0,0.5569,75.0,39.0,0.6667,0.5269,0.004682,0.253333,0.0104,0.018583
1xl3BD,0.0,0.7611,36.0,46.0,0.6,0.5915,0.025771,0.277778,0.007565,0.024135
1xskEF,0.0,0.4474,22.0,55.0,0.0,0.3038,0.004729,0.045455,0.002789,0.012048
1xxiBC,0.0,0.5693,47.0,54.0,0.5294,0.3889,0.012852,0.276596,0.004994,0.01849
1xzoAB,0.0256,0.6946,45.0,30.0,0.6667,0.4734,0.012813,0.133333,0.006314,0.013172
1y1uAB,0.1923,0.4705,29.0,44.0,0.4444,0.3013,0.008372,0.068966,0.003146,0.009889
1y4zBC,0.0,0.6323,30.0,73.0,0.0,0.4491,0.017341,0.0,0.004318,0.024748
1y9wAB,0.0,0.514,33.0,65.0,0.0,0.3779,0.013969,0.030303,0.003489,0.019066
1yafBC,0.0625,0.6199,86.0,48.0,0.6538,0.4928,0.010586,0.267442,0.013953,0.02495
1ycgAB,0.0,0.5041,51.0,57.0,0.4286,0.3495,0.019636,0.392157,0.005166,0.025651
1ym7BD,0.0,0.7812,31.0,47.0,0.5,0.5764,0.029321,0.193548,0.007919,0.025082
1yo6AC,0.2692,0.5737,23.0,37.0,0.4,0.5087,0.004147,0.173913,0.003388,0.009948
1z0jAB,0.0,0.8326,30.0,47.0,0.0,0.7103,0.020713,0.0,0.010212,0.020287
1z40AE,0.0,0.8788,40.0,37.0,0.5714,0.6029,0.016727,0.25,0.014554,0.024776
1zh1AB,0.0,0.4987,37.0,42.0,0.25,0.5211,0.007889,0.162162,0.003697,0.011044
1zh8AB,0.05,0.5668,64.0,44.0,0.1154,0.3995,0.008332,0.140625,0.007826,0.015265
1ztvAB,0.1176,0.5492,44.0,41.0,0.1538,0.5581,0.007193,0.113636,0.004629,0.011099
1zv5AL,0.1316,0.5736,71.0,44.0,0.0,0.5207,0.006228,0.014085,0.009834,0.015866
1zvnAB,0.2692,0.7157,34.0,56.0,0.6,0.5545,0.005525,0.205882,0.005953,0.017454
2a0lAB,0.0588,0.59,41.0,56.0,0.3333,0.4263,0.008635,0.04878,0.004651,0.014691
2a3vBC,0.0244,0.5189,47.0,57.0,1.0,0.308,0.008363,0.042553,0.004647,0.015061
2ae8DE,0.1562,0.5995,41.0,34.0,0.0,0.5341,0.008776,0.0,0.004741,0.009795
2afhBF,0.0,0.6118,33.0,42.0,0.1111,0.4572,0.009809,0.090909,0.004219,0.011122
2amxAB,0.0,0.6661,31.0,41.0,0.5,0.507,0.021723,0.129032,0.004771,0.015666
2ao2AB,0.0,0.6992,58.0,36.0,0.0,0.5419,0.021427,0.0,0.007953,0.01699
2aunAB,0.0,0.5874,27.0,54.0,0.5,0.4006,0.020392,0.37037,0.003683,0.022395
2auqAB,0.0,0.7157,30.0,47.0,0.2941,0.5418,0.017871,0.266667,0.005681,0.017892
2ayoAB,0.25,0.5144,66.0,58.0,0.1429,0.5301,0.006437,0.060606,0.008076,0.018755
2b05BD,0.0,0.7864,28.0,32.0,0.0,0.567,0.011922,0.035714,0.007847,0.013729
2b0pAB,0.1786,0.4528,39.0,33.0,0.3125,0.5705,0.007596,0.205128,0.003771,0.010745
2b3bAD,0.4062,0.5726,71.0,46.0,0.2308,0.4278,0.00692,0.098592,0.009764,0.016849
2b81AB,0.0,0.5387,55.0,64.0,0.2821,0.4005,0.014609,0.363636,0.005905,0.027029
2b8wAB,0.0244,0.5328,50.0,61.0,0.1176,0.3934,0.011301,0.14,0.005187,0.019141
2bcjAQ,0.1579,0.8035,68.0,44.0,0.0,0.6051,0.009712,0.0,0.013746,0.020213
2bexAC,0.0,0.5336,65.0,59.0,0.4118,0.3439,0.01305,0.307692,0.007773,0.024193
2bfgFH,0.1053,0.4715,57.0,60.0,0.2857,0.2775,0.012397,0.035088,0.005851,0.018318
2biwBD,0.129,0.5946,37.0,27.0,0.0,0.5919,0.005702,0.0,0.004352,0.008703
2bnfAB,0.0811,0.6876,53.0,57.0,0.6667,0.5101,0.009598,0.132075,0.007283,0.018723
2bonAB,0.0,0.5433,78.0,33.0,0.0,0.4807,0.007614,0.0,0.011021,0.015813
2bufGH,0.0625,0.5933,24.0,55.0,0.0,0.4051,0.010477,0.0,0.003628,0.013336
2c25AB,0.0,0.585,59.0,42.0,0.2727,0.4571,0.020868,0.101695,0.006858,0.016971
2c9oAB,0.2414,0.6489,48.0,52.0,0.4286,0.4425,0.008038,0.208333,0.005931,0.016262
2cfhAB,0.0,0.6751,30.0,43.0,0.0,0.5197,0.019412,0.0,0.004851,0.013605
2cgeAD,0.0,0.6208,70.0,33.0,0.7143,0.4868,0.01057,0.071429,0.009711,0.015636
2ch5AC,0.0,0.8045,45.0,46.0,0.0909,0.5641,0.028388,0.266667,0.009891,0.027641
2ch5BD,0.0,0.8563,25.0,39.0,0.0,0.5943,0.026532,0.0,0.011769,0.023938
2co5AB,0.0303,0.7664,39.0,47.0,0.4737,0.5699,0.014636,0.333333,0.00794,0.021264
2cw6CE,0.0,0.5365,45.0,38.0,0.5556,0.5211,0.008285,0.155556,0.004598,0.011375
2cxiAC,0.075,0.5686,53.0,29.0,0.0,0.4658,0.011343,0.0,0.005927,0.011283
2d0uAB,0.0,0.8113,25.0,30.0,0.6667,0.5399,0.037283,0.32,0.008809,0.031413
2d2mAD,0.0,0.6601,33.0,39.0,0.0,0.4319,0.009196,0.060606,0.004821,0.010855
2d3qAB,0.0,0.6546,26.0,30.0,0.2,0.552,0.030124,0.038462,0.004383,0.018637
2d6cAB,0.0,0.7829,27.0,45.0,0.5385,0.628,0.026065,0.296296,0.007745,0.024802
2d6kAB,0.2143,0.4826,24.0,29.0,0.0,0.4828,0.007045,0.0,0.002938,0.007444
2db3AB,0.0,0.6944,33.0,31.0,0.3636,0.5591,0.024698,0.272727,0.005284,0.019273
2dbrCE,0.0,0.702,56.0,33.0,0.2222,0.5737,0.011199,0.035714,0.007801,0.013576
2dbsAB,0.5,0.5793,38.0,41.0,0.0,0.5009,0.007301,0.0,0.004281,0.00985
2drvAB,0.1667,0.4513,22.0,46.0,0.0,0.3193,0.005255,0.0,0.002793,0.008903
2e37AD,0.0,0.7636,22.0,31.0,0.1111,0.5351,0.011692,0.272727,0.006878,0.015912
2e6cAC,0.0294,0.4441,23.0,43.0,0.2222,0.4112,0.010178,0.130435,0.00282,0.010383
2elcBD,0.0,0.8136,22.0,34.0,0.5,0.592,0.032317,0.227273,0.008904,0.026232
2ev5AB,0.0465,0.6814,86.0,58.0,0.0,0.4905,0.009511,0.034884,0.01461,0.025464
2f4lCD,0.0,0.5215,55.0,60.0,0.1579,0.3254,0.012401,0.127273,0.005801,0.019044
2f4nAC,0.0256,0.7158,50.0,46.0,0.3846,0.549,0.014595,0.22,0.00749,0.017723
2f66BE,0.5,0.6407,62.0,44.0,0.0,0.5091,0.006992,0.0,0.008105,0.014082
2f9iBC,0.0,0.6688,21.0,50.0,0.0,0.5938,0.011217,0.0,0.00435,0.012489
2fa4AB,0.0,0.65,23.0,32.0,0.6,0.589,0.021928,0.608696,0.004175,0.026511
2fdbNR,0.027,0.5629,70.0,56.0,0.0,0.4014,0.007102,0.0,0.009124,0.018492
2fgjAD,0.4444,0.7005,47.0,36.0,0.1333,0.5783,0.007072,0.170213,0.006528,0.013151
2flhCD,0.0,0.7229,37.0,36.0,0.5714,0.591,0.022653,0.216216,0.006374,0.018521
2floCD,0.0,0.5501,38.0,48.0,0.0,0.3788,0.015896,0.0,0.004057,0.012784
2fm8BC,0.0,0.7356,52.0,40.0,0.625,0.5564,0.025206,0.365385,0.008391,0.026361
2fulAB,0.0,0.7361,47.0,45.0,0.0,0.5992,0.023029,0.021277,0.007651,0.018989
2fulCE,0.0,0.6995,65.0,42.0,0.0,0.471,0.013473,0.0,0.009513,0.016456
2fy8AB,0.0,0.777,51.0,42.0,0.4375,0.5406,0.020996,0.117647,0.009642,0.019946
2fyiAB,0.5,0.5872,64.0,64.0,0.5652,0.4119,0.005532,0.234375,0.007981,0.023706
2g2iAB,0.0,0.7492,29.0,41.0,0.4444,0.5204,0.022822,0.517241,0.006757,0.028277
2g7zAB,0.0,0.8059,23.0,39.0,0.0,0.5787,0.034682,0.0,0.008422,0.024903
2gfqAB,0.0,0.8127,63.0,38.0,0.5714,0.6133,0.016125,0.238095,0.013003,0.022967
2gksAB,0.0256,0.5743,71.0,64.0,0.0,0.3915,0.006961,0.014085,0.009721,0.022852
2go7AB,0.1333,0.612,49.0,42.0,0.3478,0.3961,0.010116,0.285714,0.005685,0.015944
2gokAB,0.0488,0.5464,33.0,57.0,0.1111,0.3714,0.007357,0.181818,0.003687,0.015364
2gukAB,0.0244,0.679,83.0,46.0,0.3684,0.5536,0.013458,0.216867,0.013849,0.023758
2gxaDE,0.0,0.5047,33.0,49.0,0.2,0.3485,0.009853,0.090909,0.00344,0.011762
2h1tAB,0.0286,0.5773,39.0,66.0,0.375,0.4985,0.003446,0.25641,0.004348,0.021838
2h5eAB,0.0,0.6363,26.0,41.0,0.4,0.4743,0.018564,0.230769,0.004155,0.014945
2h5yBC,0.2069,0.6633,35.0,39.0,0.3636,0.5517,0.009372,0.171429,0.005007,0.0123
2h6rBD,0.0,0.7393,79.0,38.0,0.0,0.5091,0.021128,0.0,0.014267,0.023281
2h8lAB,0.0,0.6521,24.0,37.0,0.0,0.5314,0.018304,0.0,0.004266,0.011803
2hf2AB,0.0,0.5191,27.0,37.0,0.3125,0.502,0.008242,0.333333,0.003171,0.013616
2hfsAB,0.0233,0.6188,54.0,48.0,0.0,0.4098,0.011186,0.0,0.006442,0.014054
2hihAB,0.0,0.561,102.0,59.0,0.0667,0.4059,0.009549,0.058824,0.015896,0.027453
2hikBY,0.0,0.4952,30.0,35.0,0.0,0.5482,0.010838,0.0,0.003231,0.008791
2hiyAC,0.1212,0.5774,39.0,36.0,0.4545,0.6511,0.0083,0.128205,0.004349,0.01057
2hjhAB,0.0303,0.6518,21.0,30.0,1.0,0.444,0.013006,0.047619,0.004131,0.010229
2hk0AB,0.0,0.891,59.0,35.0,0.0,0.5963,0.015773,0.0,0.017489,0.024141
2hk9AD,0.3636,0.4414,71.0,29.0,0.0,0.5524,0.006391,0.0,0.009089,0.013486
2hqtMN,0.0,0.715,49.0,37.0,0.0588,0.6987,0.033178,0.081633,0.007283,0.023735
2hsnAB,0.0,0.7209,57.0,49.0,0.5385,0.5411,0.026823,0.263158,0.008509,0.026016
2i52BF,0.0286,0.802,52.0,41.0,0.4,0.5739,0.018147,0.096154,0.010694,0.019412
2i9uAB,0.2143,0.497,24.0,58.0,0.1818,0.3249,0.014571,0.125,0.002963,0.015652
2ia5FG,0.0,0.5153,23.0,49.0,0.1379,0.4038,0.006283,0.347826,0.002976,0.01588
2iboCD,0.0645,0.4985,32.0,23.0,0.0,0.5167,0.013096,0.0,0.003381,0.008994
2igtBC,0.0,0.5422,46.0,33.0,0.1111,0.5109,0.020514,0.043478,0.004734,0.013091
2imhAB,0.1935,0.4761,45.0,54.0,0.0,0.3927,0.00501,0.022222,0.004375,0.012969
2imjBC,0.0571,0.6204,36.0,25.0,0.8,0.6896,0.007025,0.138889,0.004525,0.010201
2ip4AB,0.0,0.7456,50.0,35.0,0.8889,0.54,0.015058,0.34,0.008426,0.020383
2iscDF,0.0,0.5736,30.0,48.0,0.5455,0.3411,0.013584,0.333333,0.003689,0.017037
2ivoAB,0.0526,0.5446,61.0,37.0,0.0,0.449,0.008149,0.0,0.006977,0.012105
2iyfAB,0.0,0.7186,30.0,37.0,0.0,0.5733,0.017967,0.0,0.005776,0.013106
2j16AB,0.0,0.8377,69.0,36.0,0.45,0.5462,0.013215,0.217391,0.016071,0.024656
2j59BN,0.0,0.6257,21.0,44.0,0.2,0.5235,0.015758,0.142857,0.00383,0.012926
2j98AB,0.0,0.9162,101.0,33.0,0.9444,0.606,0.023179,0.376238,0.028405,0.045198
2jb9AB,0.0,0.9605,28.0,34.0,0.0385,0.6393,0.021057,0.142857,0.017582,0.027382
2jjmBD,0.1429,0.4269,20.0,44.0,0.0,0.3103,0.005636,0.05,0.002694,0.00895
2jktIU,0.3077,0.6994,44.0,30.0,0.625,0.5376,0.005846,0.181818,0.006257,0.012463
2np9BC,0.1923,0.562,20.0,49.0,0.0,0.4386,0.011055,0.05,0.003179,0.011447
2nr5BG,0.0,0.7732,66.0,36.0,0.0,0.5417,0.018808,0.075758,0.01235,0.020541
2ns7CD,0.0465,0.5276,80.0,50.0,0.1538,0.3926,0.009249,0.0625,0.011661,0.019799
2nxoBC,0.4595,0.6039,115.0,41.0,0.4375,0.5188,0.005994,0.130435,0.01733,0.023834
2o01CD,0.1724,0.5688,21.0,42.0,0.1667,0.4807,0.007982,0.190476,0.003243,0.010977
2o0tBD,0.1176,0.5961,39.0,29.0,0.6667,0.5283,0.011116,0.076923,0.004512,0.010378
2o3oBD,0.129,0.5036,26.0,57.0,0.0,0.3315,0.008226,0.0,0.003063,0.012948
2o74EF,0.0,0.5716,66.0,52.0,0.6486,0.421,0.020866,0.5,0.008377,0.030635
2oeqAB,0.1515,0.6166,48.0,43.0,0.5652,0.5863,0.008881,0.333333,0.005525,0.016814
2ofxAB,0.0312,0.5986,23.0,76.0,0.2143,0.3658,0.010995,0.217391,0.00361,0.026033
2ohhDE,0.0,0.4955,61.0,59.0,0.3,0.3018,0.017696,0.459016,0.006698,0.028874
2ok8AC,0.0,0.8692,31.0,38.0,0.5,0.5744,0.026524,0.064516,0.012841,0.025355
2omvAB,0.0,0.4809,43.0,47.0,0.0,0.3944,0.006116,0.023256,0.004188,0.010731
2onkHI,0.3939,0.6034,69.0,69.0,0.375,0.3016,0.009383,0.188406,0.009266,0.028155
2opeBC,0.0811,0.7876,43.0,41.0,0.5556,0.6981,0.010284,0.162791,0.009028,0.016666
2oqmAD,0.0,0.5556,24.0,27.0,0.5,0.5487,0.018425,0.041667,0.003286,0.010633
2oryAB,0.3548,0.5445,59.0,59.0,0.0357,0.4225,0.007764,0.118644,0.006491,0.018139
2ouwAB,0.0256,0.5291,45.0,60.0,0.4706,0.3763,0.010373,0.311111,0.004532,0.02074
2ov9CD,0.0,0.5206,20.0,61.0,0.0,0.3196,0.009971,0.15,0.002895,0.016576
2oz4AH,0.2162,0.5509,66.0,36.0,0.5,0.4792,0.00705,0.121212,0.008209,0.01417
2ozaAB,0.1111,0.5125,44.0,63.0,0.3846,0.3279,0.011199,0.318182,0.004368,0.022472
2ozbDE,0.0,0.6916,28.0,40.0,0.3636,0.6119,0.022141,0.25,0.004943,0.017869
2p0iFG,0.0323,0.7248,39.0,40.0,0.2857,0.4674,0.018675,0.102564,0.006576,0.015403
2p1qAB,0.0,0.6223,22.0,57.0,0.5333,0.4333,0.027982,0.636364,0.003825,0.035267
2p1rBC,0.1667,0.4386,29.0,36.0,0.0,0.5067,0.008421,0.0,0.003089,0.008191
2p32AF,0.0,0.9433,40.0,39.0,0.3846,0.6769,0.033165,0.175,0.018125,0.035722
2p5qAC,0.0312,0.806,20.0,38.0,0.0,0.5588,0.026806,0.0,0.00835,0.020443
2p5sAB,0.0,0.7928,39.0,40.0,0.8333,0.5543,0.017008,0.512821,0.008756,0.027182
2p6aAD,0.2667,0.4681,63.0,38.0,0.0,0.3594,0.006675,0.0,0.006997,0.012064
2p82AB,0.0,0.4905,28.0,41.0,0.0,0.3539,0.021521,0.0,0.003128,0.012688
2p9lDF,0.0,0.5203,35.0,54.0,0.5,0.3782,0.004335,0.028571,0.003668,0.012241
2p9xAC,0.0,0.9064,48.0,33.0,0.0,0.6332,0.029594,0.0,0.016935,0.030424
2p9xBC,0.0,0.8075,20.0,31.0,0.6364,0.4866,0.027746,0.45,0.008498,0.029957
2pe3AC,0.0882,0.5453,23.0,52.0,0.0,0.4783,0.015833,0.0,0.003166,0.012833
2penCD,0.0968,0.5707,43.0,57.0,0.0,0.3824,0.002689,0.069767,0.004646,0.014653
2pf5AB,0.0,0.8263,41.0,32.0,0.75,0.5633,0.024637,0.292683,0.010781,0.025342
2pnoGI,0.1667,0.6366,31.0,51.0,0.5,0.4747,0.010255,0.290323,0.004413,0.016717
2pobAB,0.0,0.6928,80.0,49.0,0.3158,0.4973,0.012807,0.2125,0.013257,0.02378
2pp0BC,0.0,0.5202,26.0,64.0,0.25,0.2949,0.010949,0.423077,0.003134,0.025068
2psoAB,0.125,0.637,47.0,29.0,0.625,0.5064,0.003413,0.148936,0.005673,0.011295
2pwmEH,0.0,0.8265,31.0,38.0,0.25,0.5634,0.034915,0.16129,0.010109,0.028201
2pz0AB,0.0,0.6645,53.0,50.0,0.5,0.4945,0.020586,0.226415,0.006955,0.020205
2q5bAC,0.025,0.493,65.0,36.0,0.25,0.6947,0.021187,0.030769,0.007528,0.016587
2q6nBE,0.0625,0.4641,37.0,25.0,0.0714,0.4892,0.015232,0.027027,0.003596,0.009905
2q8mAB,0.0303,0.7678,30.0,40.0,0.0,0.5068,0.022303,0.1,0.007407,0.018163
2qagAB,0.5429,0.5186,100.0,34.0,0.1818,0.5381,0.005202,0.06,0.015031,0.020089
2qdrAB,0.5417,0.6161,40.0,47.0,0.75,0.4713,0.007225,0.2,0.004766,0.013374
2qeqAB,0.0,0.6746,64.0,38.0,0.0,0.4809,0.014902,0.0,0.008957,0.015634
2qeuBC,0.0,0.8173,33.0,40.0,0.7,0.5891,0.024523,0.363636,0.009665,0.027037
2qfyAC,0.0,0.6236,20.0,37.0,0.9286,0.4985,0.021243,0.45,0.003769,0.021732
2qkmFH,0.0,0.5618,59.0,45.0,0.0,0.3879,0.010165,0.0,0.0066,0.013218
2qkoAB,0.1212,0.5779,44.0,68.0,0.3,0.4481,0.013301,0.227273,0.004827,0.024774
2qmwAB,0.0,0.8382,26.0,36.0,0.0,0.6667,0.029902,0.115385,0.010693,0.025872
2qrvGH,0.0,0.6661,36.0,44.0,0.3684,0.4835,0.025249,0.333333,0.005086,0.022353
2qryAB,0.0526,0.5876,53.0,54.0,0.2,0.4343,0.009843,0.169811,0.006085,0.01675
2qv6CD,0.0,0.7696,34.0,36.0,0.0,0.5524,0.014663,0.0,0.007739,0.014149
2qykAB,0.0256,0.793,55.0,41.0,0.0,0.539,0.014293,0.036364,0.010648,0.017847
2qyoAB,0.0645,0.5861,22.0,68.0,0.0,0.2949,0.012415,0.045455,0.003453,0.020799
2qzgAB,0.0,0.9419,30.0,33.0,0.8182,0.7259,0.02895,0.533333,0.01717,0.042444
2r0vBC,0.0,0.6708,50.0,36.0,0.5,0.467,0.011416,0.02,0.006544,0.012501
2r3bAB,0.0,0.4663,49.0,48.0,0.0,0.3859,0.011649,0.081633,0.004798,0.013156
2r5uDE,0.0,0.7716,86.0,46.0,0.7727,0.4903,0.026112,0.27907,0.017144,0.033885
2r83AB,0.3043,0.4642,34.0,38.0,0.6667,0.2948,0.004845,0.147059,0.003414,0.009702
2rblAB,0.0333,0.517,22.0,60.0,0.0465,0.3903,0.003481,0.090909,0.002943,0.014429
2rdcAB,0.6154,0.6983,61.0,67.0,0.525,0.4925,0.006136,0.52459,0.008569,0.035586
2rdyAB,0.0,0.4142,32.0,46.0,0.0,0.3272,0.006367,0.03125,0.003264,0.009668
2rekAB,0.0,0.6131,61.0,53.0,0.3,0.5224,0.012745,0.081967,0.007456,0.01752
2rfjAC,0.0,0.8843,67.0,40.0,0.7222,0.648,0.024847,0.402985,0.018952,0.038242
2rhsAD,0.025,0.5474,60.0,62.0,0.0,0.3714,0.00619,0.0,0.006794,0.018666
2rkbBD,0.375,0.7367,69.0,32.0,1.0,0.5226,0.008356,0.115942,0.011608,0.017375
2uvlAB,0.0,0.6206,38.0,51.0,0.0,0.6032,0.011903,0.0,0.004657,0.013135
2uvpAD,0.0,0.6833,72.0,46.0,0.0,0.5712,0.009253,0.0,0.01119,0.017688
2v0oAC,0.0,0.5978,45.0,34.0,0.2857,0.3216,0.016506,0.044444,0.005086,0.012206
2v4oAB,0.1613,0.5254,45.0,65.0,0.36,0.2945,0.008671,0.244444,0.004503,0.021551
2v54AB,0.0,0.6853,29.0,49.0,0.0,0.6161,0.02347,0.0,0.004886,0.017088
2v5qAD,0.0,0.5576,24.0,45.0,0.0,0.5587,0.012705,0.0,0.003305,0.010439
2v7dBC,0.0,0.7332,27.0,41.0,0.0,0.5667,0.020499,0.037037,0.006028,0.015107
2vd0AC,0.0,0.7479,32.0,35.0,0.6154,0.5657,0.037482,0.28125,0.006857,0.02917
2vdiCE,0.0,0.7407,38.0,36.0,0.3636,0.5004,0.012359,0.157895,0.007021,0.014445
2vozAB,0.3889,0.5426,83.0,48.0,0.0,0.3279,0.006129,0.0,0.012308,0.018924
2vqgAI,0.0312,0.7081,26.0,42.0,0.5294,0.5128,0.006725,0.384615,0.00521,0.018058
2vs6AB,0.0714,0.7788,21.0,45.0,0.5,0.5949,0.006675,0.428571,0.007381,0.021982
2vt4BD,0.0,0.6707,80.0,31.0,0.375,0.5394,0.014668,0.075,0.012877,0.019579
2vvyBD,0.0,0.6626,34.0,41.0,0.2667,0.4877,0.011348,0.147059,0.004906,0.012574
2vw5BD,0.0,0.6509,85.0,34.0,0.8889,0.5992,0.008875,0.152941,0.013829,0.020253
2vytAB,0.0278,0.6286,39.0,34.0,0.4286,0.6493,0.010634,0.25641,0.004838,0.013484
2vzbAC,0.0,0.7926,26.0,44.0,0.5333,0.593,0.019398,0.307692,0.007927,0.02118
2w0cBQ,0.0588,0.7043,35.0,30.0,0.4615,0.6,0.010776,0.314286,0.005653,0.015497
2w58AB,0.0,0.8233,42.0,36.0,0.5,0.4933,0.020988,0.166667,0.010674,0.020818
2waqAK,0.0,0.5692,43.0,49.0,0.0,0.3871,0.020332,0.0,0.004618,0.014779
2wb1CH,0.0,0.7056,40.0,48.0,0.7778,0.5262,0.011199,0.275,0.006021,0.017243
2wbyBF,0.08,0.6993,79.0,43.0,0.6667,0.8474,0.008195,0.151899,0.01288,0.020248
2wdqJK,0.3846,0.5261,39.0,46.0,0.5714,0.4983,0.006484,0.230769,0.003931,0.012776
2wff13,0.0,0.5149,21.0,70.0,0.2857,0.2799,0.013419,0.380952,0.00289,0.02842
2wfkDE,0.025,0.4643,45.0,42.0,0.0,0.5296,0.009024,0.044444,0.004304,0.010584
2wiuAB,0.3077,0.7669,32.0,46.0,0.1111,0.5891,0.006638,0.1875,0.007482,0.01553
2woeAC,0.0,0.6366,44.0,30.0,0.5,0.4383,0.007915,0.159091,0.005423,0.011568
2wooBC,0.0,0.7103,49.0,37.0,0.1111,0.6336,0.011826,0.020408,0.007103,0.013218
2wqkAB,0.3846,0.5917,41.0,70.0,0.0,0.3327,0.008389,0.195122,0.004656,0.023874
2wqtCM,0.0,0.9674,76.0,31.0,0.7778,0.6557,0.017455,0.131579,0.024825,0.032715
2ww4AB,0.0,0.5371,32.0,44.0,0.1111,0.4585,0.00858,0.0625,0.003539,0.010212
2ww9AB,0.0,0.5607,36.0,48.0,0.0,0.3473,0.007426,0.0,0.003982,0.010734
2wyoCD,0.0323,0.4676,26.0,53.0,0.0,0.2888,0.007781,0.0,0.002972,0.011246
2wz1AB,0.32,0.5701,34.0,51.0,0.0769,0.4084,0.004888,0.058824,0.003914,0.011766
2x19AB,0.027,0.5774,33.0,65.0,0.0,0.4445,0.00635,0.272727,0.00391,0.021085
2x2nBD,0.1,0.6736,30.0,54.0,0.0,0.4251,0.006407,0.0,0.004795,0.013161
2x8bAB,0.1875,0.5005,35.0,46.0,0.05,0.4425,0.010983,0.057143,0.003577,0.011008
2xgjAB,0.0,0.8006,40.0,35.0,0.0,0.4967,0.010152,0.0,0.009193,0.014511
2xigBD,0.0,0.8602,27.0,36.0,0.0,0.5542,0.035003,0.0,0.012056,0.028654
2xofAB,0.2059,0.5767,49.0,68.0,0.5882,0.3093,0.009614,0.265306,0.005336,0.02492
2xppAB,0.0,0.7645,40.0,48.0,0.7692,0.6327,0.027457,0.475,0.00794,0.031916
2y32BD,0.0,0.6548,41.0,59.0,0.0,0.4806,0.008494,0.04878,0.005348,0.016481
2y7cBD,0.0,0.6635,94.0,44.0,0.6154,0.5717,0.011269,0.117021,0.015861,0.023602
2yb0AB,0.0,0.5434,52.0,59.0,0.1111,0.346,0.009337,0.115385,0.005554,0.017304
2ym9BD,0.0,0.627,64.0,51.0,0.2,0.504,0.018109,0.171875,0.008321,0.019991
2yyeAB,0.1579,0.5557,67.0,67.0,0.4615,0.3454,0.0055,0.149254,0.008478,0.0247
2yzrAC,0.0,0.7675,33.0,34.0,0.0,0.5898,0.014801,0.0,0.007551,0.013778
2z0jEG,0.0,0.7396,21.0,38.0,0.0,0.5033,0.013487,0.0,0.006062,0.012391
2z0tCD,0.0577,0.6019,94.0,41.0,0.0769,0.6123,0.011392,0.085106,0.014985,0.021973
2z3rGK,0.0526,0.8493,66.0,48.0,0.1739,0.6538,0.00959,0.045455,0.015934,0.023444
2z8nAB,0.5714,0.593,60.0,35.0,0.1,0.5036,0.00737,0.05,0.007143,0.012444
2z8yDO,0.0,0.6597,35.0,35.0,0.75,0.5093,0.035921,0.171429,0.004948,0.023987
2zcaAB,0.0,0.9161,34.0,37.0,0.7778,0.6134,0.036722,0.323529,0.016534,0.039341
2zejAB,0.0,0.5162,44.0,63.0,0.0,0.2973,0.010116,0.068182,0.004363,0.017982
2zi5AC,0.0,0.8784,32.0,31.0,0.7273,0.7037,0.02136,0.46875,0.013824,0.031959
2zjdAC,0.0244,0.5752,43.0,30.0,0.5455,0.4604,0.009376,0.116279,0.004674,0.010526
2zjzAB,0.0,0.6899,20.0,38.0,0.0,0.6508,0.021604,0.1,0.004556,0.014716
2znmCD,0.027,0.5927,38.0,32.0,0.0,0.5775,0.023502,0.105263,0.004387,0.015226
2zwiAB,0.1379,0.4443,28.0,47.0,0.75,0.3879,0.0096,0.142857,0.003041,0.011195
2zwoAC,0.3077,0.5274,25.0,46.0,0.0,0.374,0.005145,0.0,0.003118,0.009045
2zygAB,0.0,0.6182,20.0,42.0,0.0,0.381,0.019075,0.05,0.003648,0.012451
3ab7AB,0.0,0.5846,24.0,50.0,0.3,0.5038,0.024988,0.375,0.003513,0.02373
3abkPS,0.1111,0.5574,57.0,38.0,0.0,0.5474,0.008138,0.017544,0.006207,0.011608
3ae2CD,0.32,0.6005,21.0,58.0,0.0,0.4896,0.003234,0.047619,0.003542,0.013795
3akjAB,0.0,0.6208,28.0,42.0,0.0,0.4339,0.007225,0.0,0.004051,0.009627
3apyAB,0.0,0.5821,63.0,56.0,0.0476,0.4618,0.020277,0.079365,0.007551,0.02063
3aquBD,0.0,0.7425,28.0,31.0,0.6667,0.4819,0.025444,0.285714,0.006457,0.021353
3b1rAC,0.0,0.6236,44.0,32.0,0.8,0.5984,0.019771,0.159091,0.005259,0.014448
3b8iAC,0.0588,0.5706,36.0,47.0,0.0,0.3908,0.009273,0.0,0.004042,0.010726
3bexBE,0.0,0.7128,60.0,33.0,0.0,0.6968,0.012596,0.0,0.00877,0.014422
3beyDE,0.0,0.7495,21.0,58.0,0.3333,0.6857,0.009565,0.095238,0.00641,0.017633
3beyDF,0.0,0.62,48.0,62.0,0.0,0.4899,0.021887,0.0625,0.005557,0.022295
3bf0CD,0.0,0.5578,85.0,45.0,0.0,0.4224,0.008262,0.0,0.012778,0.018915
3bhpBC,0.0,0.7757,49.0,40.0,0.0,0.6481,0.03309,0.040816,0.009307,0.025309
3bjxAC,0.0,0.7465,24.0,33.0,0.3333,0.5787,0.019328,0.208333,0.006393,0.016147
3bmxAB,0.0488,0.6508,58.0,35.0,0.3,0.5832,0.012184,0.051724,0.007297,0.013557
3bnyBD,0.0,0.6403,59.0,29.0,0.0,0.4926,0.014598,0.0,0.007366,0.013267
3bueBE,0.0,0.7336,21.0,28.0,0.7,0.6821,0.017547,0.52381,0.005788,0.024258
3bx4AC,0.16,0.7142,21.0,33.0,0.0,0.444,0.006193,0.0,0.005183,0.009654
3by7CE,0.1176,0.5351,37.0,41.0,0.0,0.6325,0.004062,0.0,0.00384,0.008981
3ceaBD,0.0244,0.5027,57.0,46.0,0.0,0.4034,0.008163,0.0,0.005859,0.012073
3cf0KL,0.0286,0.5737,45.0,51.0,0.0,0.4005,0.017951,0.044444,0.004834,0.015021
3ckdAC,0.0,0.5639,77.0,48.0,0.5714,0.4391,0.02207,0.090909,0.010919,0.022793
3cnyAB,0.0,0.7193,50.0,40.0,0.7368,0.4791,0.02237,0.52,0.007546,0.028981
3ct4BC,0.2059,0.8679,49.0,47.0,0.7,0.5648,0.01162,0.204082,0.014248,0.023757
3cwrAB,0.0345,0.7608,20.0,37.0,0.2,0.48,0.027023,0.05,0.006667,0.019297
3cwvAB,0.0,0.6742,35.0,40.0,0.4,0.4677,0.009496,0.114286,0.005149,0.011797
3cxhOW,0.0208,0.5099,78.0,35.0,0.0,0.5974,0.007614,0.0,0.010743,0.015529
3czoAC,0.0,0.7378,34.0,32.0,0.4,0.5923,0.028774,0.088235,0.006624,0.020269
3d36AC,0.0,0.836,35.0,40.0,0.3333,0.5247,0.017465,0.342857,0.01081,0.023925
3d72AB,0.0,0.8479,49.0,35.0,0.6667,0.605,0.022001,0.428571,0.012713,0.030375
3dakAB,0.0238,0.7474,78.0,36.0,0.0,0.4941,0.011913,0.0,0.014076,0.019836
3dbyCJ,0.0,0.6176,28.0,54.0,0.0,0.4613,0.009961,0.071429,0.003975,0.013523
3ddhAB,0.1786,0.5209,20.0,53.0,0.3077,0.3392,0.010043,0.4,0.002884,0.019534
3ddrBD,0.0606,0.4966,48.0,53.0,0.625,0.3442,0.007797,0.229167,0.004652,0.015612
3djcDE,0.0,0.8961,29.0,39.0,0.0667,0.5717,0.025713,0.068966,0.014735,0.027002
3dkuEH,0.5789,0.5316,130.0,30.0,0.1667,0.6666,0.00528,0.015385,0.017709,0.022199
3dmdAC,0.0,0.7306,34.0,31.0,0.8182,0.4819,0.029454,0.294118,0.006324,0.023845
3dnoAB,0.0,0.6666,28.0,48.0,0.0,0.4926,0.009238,0.0,0.004622,0.011546
3dp8BC,0.0,0.5353,20.0,38.0,0.0,0.444,0.014306,0.0,0.002954,0.009416
3dw0AB,0.1538,0.6108,61.0,33.0,0.5,0.5122,0.009642,0.245902,0.007399,0.015476
3dwlBI,0.1875,0.7196,38.0,63.0,0.0,0.5722,0.006769,0.0,0.00631,0.018618
3e0jCD,0.1053,0.5304,64.0,63.0,0.2727,0.3683,0.007135,0.140625,0.00742,0.021058
3e0lAB,0.0303,0.5398,32.0,68.0,0.0,0.3006,0.016844,0.46875,0.003552,0.030691
3e1eAE,0.0263,0.5907,50.0,25.0,0.3333,0.4454,0.018092,0.02,0.005595,0.012584
3e1yAB,0.0,0.54,49.0,46.0,0.0,0.3908,0.011443,0.040816,0.004995,0.012359
3e5sAB,0.0,0.8509,32.0,43.0,0.2353,0.7201,0.019599,0.25,0.011621,0.023458
3eajAB,0.0,0.6224,28.0,37.0,0.2,0.5087,0.010322,0.035714,0.004079,0.009957
3ed4AD,0.0312,0.4568,24.0,31.0,0.0,0.4872,0.003372,0.0,0.002868,0.007093
3egcBC,0.1892,0.643,57.0,42.0,0.6471,0.5267,0.010876,0.157895,0.007011,0.014851
3eh2AC,0.2258,0.6198,35.0,47.0,0.25,0.436,0.009496,0.171429,0.00443,0.012916
3ejwAB,0.2258,0.4863,43.0,40.0,0.4286,0.4536,0.009612,0.069767,0.004164,0.01047
3ek6DE,0.2059,0.6192,49.0,43.0,0.2727,0.5217,0.009142,0.326531,0.005659,0.016778
3ep1AB,0.0,0.8753,29.0,33.0,1.0,0.5442,0.038619,0.241379,0.013109,0.034481
3eryAB,0.6,0.6576,42.0,44.0,0.0,0.473,0.006985,0.047619,0.005476,0.011772
3eu8AB,0.0,0.5594,28.0,51.0,0.2,0.4372,0.024515,0.142857,0.003485,0.017902
3euaGH,0.5122,0.6483,144.0,82.0,0.4103,0.3457,0.006603,0.111111,0.019053,0.039404
3euhCD,0.0294,0.7309,32.0,38.0,0.6,0.5475,0.02845,0.1875,0.006219,0.021348
3evyAB,0.0256,0.9197,52.0,35.0,0.2308,0.5337,0.013006,0.134615,0.018786,0.025965
3ewpAB,0.0,0.8329,38.0,41.0,0.1,0.5217,0.014185,0.157895,0.010763,0.019081
3f0iAB,0.0263,0.9284,32.0,34.0,0.75,0.5404,0.015354,0.34375,0.017056,0.029193
3f7gBC,0.0,0.6316,29.0,49.0,0.3478,0.5384,0.009418,0.551724,0.004236,0.024343
3f7gBD,0.0,0.7582,52.0,34.0,0.0,0.7256,0.015674,0.0,0.009054,0.015484
3fauBC,0.0,0.8376,44.0,43.0,0.0,0.5929,0.024468,0.0,0.01169,0.022913
3fbzCD,0.0,0.533,20.0,50.0,0.0,0.4264,0.010549,0.0,0.002937,0.010727
3fefBD,0.0,0.5506,35.0,48.0,0.0,0.4394,0.012799,0.028571,0.003857,0.011905
3ffhAB,0.027,0.4667,35.0,60.0,0.1667,0.3225,0.007514,0.0,0.003476,0.014334
3ffkDE,0.0476,0.6046,83.0,70.0,0.2857,0.4121,0.01264,0.337349,0.012719,0.036022
3filAB,0.1143,0.7272,42.0,32.0,0.5714,0.6662,0.009427,0.095238,0.006879,0.012636
3fl1AB,0.0,0.4696,70.0,45.0,0.7143,0.3818,0.012283,0.128571,0.008628,0.016809
3flcOX,0.0,0.8375,23.0,37.0,0.8571,0.557,0.040651,0.347826,0.01024,0.035671
3fswCD,0.0,0.6178,33.0,30.0,0.0,0.6504,0.0134,0.030303,0.004254,0.010247
3fypBD,0.0,0.5336,32.0,53.0,0.0,0.467,0.010748,0.125,0.003499,0.013443
3g17AB,0.1707,0.5717,95.0,51.0,0.0,0.5026,0.007225,0.0,0.015045,0.022443
3g1pAB,0.0645,0.637,21.0,56.0,0.4286,0.538,0.015277,0.095238,0.00395,0.01569
3g33BC,0.06,0.7008,99.0,52.0,0.0,0.5362,0.010539,0.080808,0.016758,0.025879
3g7vAC,0.0,0.8619,20.0,32.0,0.0,0.5856,0.017991,0.0,0.011867,0.018714
3gfvAB,0.125,0.647,38.0,41.0,0.6154,0.4857,0.009507,0.342105,0.004936,0.016327
3glgFG,0.0,0.5431,31.0,48.0,0.3529,0.3669,0.021583,0.322581,0.003514,0.019215
3gr0AD,0.0909,0.6381,36.0,30.0,0.4444,0.608,0.006423,0.222222,0.004748,0.011693
3gtaAB,0.0,0.7139,43.0,35.0,0.4615,0.6512,0.019727,0.186047,0.006528,0.016241
3gvdJL,0.0,0.5191,58.0,51.0,0.25,0.372,0.015198,0.137931,0.006091,0.016446
3gvtAB,0.0286,0.5297,41.0,52.0,0.1111,0.3832,0.004441,0.02439,0.004132,0.011939
3h06BE,0.0294,0.575,32.0,29.0,0.1818,0.6343,0.008761,0.09375,0.003813,0.009314
3h2tAB,0.0,0.5948,68.0,41.0,0.6111,0.3727,0.017702,0.338235,0.008959,0.022091
3h4eHI,0.0625,0.6238,31.0,48.0,0.0,0.4136,0.013938,0.0,0.00426,0.012174
3h4pHi,0.0,0.7226,40.0,34.0,0.7273,0.6193,0.016618,0.275,0.006567,0.016971
3h90BD,0.0,0.5309,25.0,60.0,0.1111,0.412,0.007052,0.28,0.003132,0.017807
3hbrAB,0.0263,0.7511,37.0,63.0,0.1304,0.5798,0.012615,0.324324,0.007329,0.025643
3hbwAB,0.6,0.5453,51.0,34.0,0.0,0.4892,0.00629,0.0,0.005369,0.009877
3hdfAB,0.0,0.5827,23.0,44.0,0.3,0.4721,0.014137,0.217391,0.003443,0.013138
3herAB,0.0,0.8721,49.0,35.0,0.2778,0.6833,0.018078,0.163265,0.014569,0.023322
3hh0CD,0.0,0.6592,66.0,42.0,0.0,0.4926,0.013663,0.106061,0.009186,0.017025
3hhgCD,0.3333,0.5849,40.0,54.0,0.4545,0.4291,0.004408,0.125,0.004463,0.013753
3hhwEO,0.0,0.7102,46.0,31.0,0.6667,0.7007,0.012315,0.369565,0.006735,0.019036
3hilAB,0.0,0.8014,31.0,35.0,0.4091,0.5002,0.024427,0.322581,0.008592,0.023661
3hiwAB,0.0,0.7441,25.0,36.0,0.1429,0.5075,0.024798,0.2,0.00634,0.019238
3hlnIO,0.0312,0.9014,30.0,31.0,0.0,0.5413,0.021002,0.0,0.015293,0.023393
3htaAB,0.122,0.6019,66.0,69.0,0.2,0.407,0.01051,0.090909,0.008489,0.026282
3htmCD,0.0,0.5187,93.0,55.0,0.6429,0.399,0.013612,0.301075,0.014178,0.028859
3hwsEF,0.027,0.5756,39.0,55.0,0.75,0.3474,0.006447,0.25641,0.004296,0.016426
3hyjAD,0.0,0.7692,21.0,36.0,0.0,0.4841,0.025323,0.0,0.007027,0.018039
3i4oAB,0.0,0.7117,22.0,37.0,0.0,0.7002,0.009065,0.0,0.005136,0.010288
3i5kAD,0.3103,0.7071,35.0,31.0,0.5,0.5839,0.005285,0.171429,0.005668,0.011736
3i7uBD,0.1538,0.6488,20.0,28.0,0.3333,0.4826,0.007803,0.1,0.004005,0.009377
3i84AB,0.0323,0.5506,31.0,54.0,0.0,0.5691,0.008391,0.0,0.00358,0.01206
3i9sCD,0.0227,0.5963,60.0,67.0,0.119,0.3198,0.009995,0.3,0.007119,0.026776
3i9v39,0.2059,0.4661,39.0,26.0,0.2727,0.5406,0.009078,0.153846,0.003734,0.009902
3ia4AC,0.0256,0.4699,43.0,37.0,0.1667,0.5271,0.009275,0.116279,0.004115,0.010413
3ia7AB,0.1515,0.5068,52.0,50.0,0.0,0.348,0.008559,0.019231,0.005302,0.012921
3iasTZ,0.1765,0.7001,49.0,48.0,0.2,0.6456,0.008376,0.163265,0.006712,0.015128
3ib6CD,0.0645,0.5882,21.0,32.0,0.0,0.6034,0.017135,0.0,0.003421,0.01002
3icaAB,0.05,0.5416,49.0,56.0,0.75,0.4847,0.009231,0.22449,0.004972,0.017052
3if2AB,0.0244,0.4909,52.0,61.0,0.15,0.2922,0.005419,0.115385,0.005243,0.01774
3iipAD,0.0,0.8,24.0,40.0,0.5789,0.5294,0.036729,0.541667,0.008177,0.038989
3ikbAB,0.0,0.5579,29.0,34.0,0.1667,0.5625,0.010714,0.034483,0.003534,0.009218
3ikmDF,0.3043,0.4607,26.0,53.0,0.0,0.3446,0.00578,0.0,0.002949,0.010833
3il2AB,0.0,0.5566,24.0,72.0,0.2,0.4318,0.022881,0.166667,0.003284,0.027848
3imqCL,0.0,0.7508,27.0,45.0,0.2273,0.4881,0.026975,0.518519,0.006713,0.031179
3inkCD,0.0,0.8761,28.0,34.0,0.5,0.5852,0.034114,0.392857,0.013309,0.036601
3iplAB,0.0,0.516,70.0,44.0,0.5,0.3453,0.012345,0.085714,0.008698,0.016291
3ipoAB,0.1071,0.8772,23.0,40.0,0.6429,0.5945,0.007163,0.478261,0.013229,0.028656
3itmBD,0.0,0.7285,31.0,35.0,0.3,0.566,0.038971,0.354839,0.006065,0.030961
3iwpJL,0.0238,0.5834,77.0,35.0,0.5,0.6228,0.014545,0.207792,0.010993,0.019527
3ixeAB,0.0,0.5864,59.0,41.0,0.1538,0.5131,0.009601,0.067797,0.00676,0.013149
3izlAB,0.0645,0.5086,28.0,45.0,0.25,0.3602,0.007896,0.178571,0.003155,0.01108
3jygAB,0.0,0.6351,29.0,53.0,0.0714,0.5042,0.014202,0.103448,0.004268,0.014667
3jz0AB,0.0,0.599,44.0,72.0,0.2414,0.3922,0.011889,0.477273,0.004974,0.03355
3k2gBC,0.0,0.7969,43.0,36.0,0.7143,0.7164,0.018887,0.395349,0.009261,0.024672
3k5dAB,0.0222,0.6336,87.0,53.0,0.4,0.5548,0.006229,0.126437,0.014277,0.023375
3k8pCD,0.0,0.7408,33.0,48.0,0.7778,0.4508,0.031879,0.393939,0.006696,0.030865
3kbpBC,0.0,0.5174,49.0,51.0,0.2941,0.393,0.025864,0.122449,0.004815,0.019931
3kf4AB,0.0,0.7154,41.0,27.0,0.0,0.517,0.031298,0.0,0.006419,0.020401
3kf8CD,0.125,0.6504,71.0,47.0,0.2,0.4218,0.008263,0.084507,0.010395,0.01762
3khhAB,0.0,0.7035,55.0,53.0,0.4667,0.519,0.023489,0.236364,0.007728,0.023919
3kk7AB,0.0476,0.6552,53.0,35.0,0.6,0.4499,0.016578,0.188679,0.006818,0.015577
3km8AB,0.0,0.7066,27.0,29.0,0.4,0.5631,0.009955,0.111111,0.005193,0.011071
3krpBD,0.0,0.7009,28.0,36.0,0.5556,0.5954,0.022554,0.25,0.005111,0.017857
3ktmAC,0.25,0.5089,24.0,36.0,0.0,0.4557,0.005961,0.0,0.002988,0.007609
3kyiAB,0.0,0.7933,26.0,34.0,0.0,0.6109,0.014173,0.0,0.008041,0.014006
3kzyAB,0.0,0.7628,34.0,38.0,0.0,0.643,0.032727,0.0,0.007434,0.022455
3l6iAB,0.0238,0.7179,51.0,28.0,0.1667,0.5462,0.009039,0.137255,0.007631,0.0136
3laiAC,0.0,0.8649,33.0,36.0,0.6429,0.5921,0.023559,0.363636,0.012591,0.029179
3leeAB,0.0222,0.7482,90.0,36.0,0.0,0.5894,0.025466,0.0,0.017146,0.028248
3lfgAB,0.0,0.7973,36.0,35.0,0.0,0.6418,0.013568,0.0,0.008739,0.014675
3lgsCD,0.0,0.6053,34.0,65.0,0.0,0.4263,0.023546,0.029412,0.004222,0.02345
3ll5AB,0.0,0.4292,59.0,25.0,0.6667,0.5759,0.006442,0.20339,0.00605,0.01258
3lmmCD,0.0,0.5377,21.0,35.0,0.0,0.3191,0.020369,0.0,0.002997,0.010895
3lnzEG,0.0968,0.7064,20.0,30.0,0.4211,0.57,0.014812,0.45,0.004883,0.019853
3loqAB,0.1212,0.8142,42.0,42.0,0.2,0.5733,0.009221,0.071429,0.010228,0.016712
3louBC,0.5833,0.7595,37.0,44.0,0.6667,0.6171,0.009256,0.081081,0.007513,0.014373
3ltlAB,0.0,0.8483,37.0,36.0,0.3636,0.6464,0.017966,0.324324,0.011651,0.02377
3lueJS,0.0,0.9066,51.0,29.0,0.75,0.5718,0.016009,0.196078,0.017539,0.02602
3lvyCD,0.0,0.55,73.0,59.0,0.2692,0.4841,0.01546,0.191781,0.010004,0.024181
3lwwAC,0.0938,0.606,28.0,48.0,0.0,0.4451,0.010683,0.0,0.003875,0.011052
3ly0AB,0.2,0.6296,61.0,43.0,0.0,0.4609,0.011561,0.0,0.007624,0.014169
3lyuDE,0.0,0.8673,23.0,32.0,0.5455,0.6248,0.035185,0.478261,0.012215,0.038731
3m1yAC,0.0227,0.5494,69.0,29.0,0.0,0.4808,0.006346,0.0,0.008726,0.012961
3m6jAB,0.0,0.8359,34.0,40.0,0.2273,0.6178,0.013856,0.147059,0.010641,0.018629
3m6mCF,0.0,0.678,74.0,40.0,0.0,0.617,0.0174,0.040541,0.011624,0.019392
3mdfAB,0.1795,0.5039,86.0,26.0,0.4167,0.5253,0.007259,0.104651,0.012694,0.018054
3mf1AB,0.7083,0.4869,50.0,58.0,0.1739,0.3198,0.005058,0.08,0.00494,0.015379
3mfe1U,0.0,0.761,59.0,44.0,0.4286,0.4964,0.019643,0.101695,0.010042,0.019769
3mfnAB,0.0,0.6724,22.0,54.0,0.1333,0.5538,0.013334,0.227273,0.004425,0.016674
3mi0NV,0.36,0.6365,40.0,33.0,0.0,0.4422,0.005455,0.0,0.005008,0.00935
3mjoAB,0.1875,0.5866,42.0,75.0,0.6667,0.3206,0.010425,0.285714,0.00467,0.027767
3mleAB,0.0222,0.8158,63.0,38.0,0.6,0.5249,0.019268,0.079365,0.013189,0.021664
3mqqAB,0.0256,0.6219,52.0,53.0,0.0,0.4749,0.009615,0.019231,0.006183,0.014833
3mvcAB,0.0,0.676,35.0,35.0,0.0,0.4696,0.012717,0.0,0.00515,0.010885
3n3kAB,0.0476,0.5488,43.0,51.0,0.3077,0.4063,0.006419,0.209302,0.004439,0.014128
3n9mAC,0.0303,0.8905,28.0,46.0,0.6154,0.6258,0.027611,0.5,0.014169,0.038597
3nasAB,0.0,0.8141,36.0,34.0,0.2857,0.4992,0.029865,0.25,0.009674,0.026606
3nc5AB,0.0,0.7124,43.0,32.0,0.0,0.5142,0.022416,0.046512,0.006441,0.016113
3netAB,0.1333,0.5419,30.0,67.0,0.0,0.2735,0.003998,0.166667,0.00344,0.019551
3ngyBD,0.2759,0.5504,45.0,31.0,1.0,0.5508,0.005748,0.177778,0.004669,0.010858
3nhvAB,0.1935,0.6871,39.0,43.0,0.0,0.4218,0.01019,0.0,0.005533,0.011746
3no9BC,0.3571,0.4662,35.0,47.0,0.32,0.4435,0.008547,0.371429,0.003459,0.016938
3np5AC,0.0,0.8079,33.0,33.0,0.625,0.6321,0.020319,0.363636,0.009144,0.023215
3nrhAB,0.0,0.7267,29.0,38.0,0.1739,0.5808,0.020281,0.206897,0.005935,0.016458
3ntsAB,0.0,0.7491,37.0,30.0,0.5,0.4783,0.013514,0.054054,0.007188,0.013439
3nwcAB,0.0,0.5596,49.0,49.0,0.129,0.4499,0.013891,0.081633,0.005095,0.014068
3nz2GK,0.0,0.8255,52.0,36.0,0.6667,0.6333,0.015062,0.115385,0.011918,0.019365
3nzeAB,0.0857,0.7711,44.0,31.0,0.0,0.4618,0.008244,0.0,0.008572,0.013111
3o0yAB,0.0256,0.6296,60.0,29.0,0.5,0.358,0.007683,0.216667,0.007438,0.014361
3o72BC,0.0,0.729,31.0,48.0,0.1429,0.4907,0.019579,0.032258,0.006098,0.015876
3obyAB,0.0,0.8533,22.0,33.0,0.6,0.5234,0.021414,0.318182,0.01133,0.024644
3odmFG,0.0,0.6498,21.0,55.0,0.56,0.3787,0.036265,0.666667,0.00406,0.039819
3oeeBN,0.0323,0.653,29.0,33.0,0.5,0.5368,0.003986,0.068966,0.004477,0.009455
3oftBC,0.0,0.8134,29.0,40.0,0.0,0.5937,0.018786,0.0,0.009135,0.01692
3oo9AB,0.0,0.5994,23.0,32.0,1.0,0.4278,0.006911,0.043478,0.003606,0.008527
3oovAB,0.0,0.5492,79.0,35.0,0.0,0.5629,0.020012,0.0,0.011161,0.018856
3opzCJ,0.1379,0.4758,34.0,32.0,0.5,0.5227,0.008713,0.117647,0.003413,0.009258
3oq4DE,0.0,0.7875,21.0,38.0,0.0,0.5909,0.008739,0.0,0.007581,0.012759
3oxuAD,0.0,0.614,32.0,40.0,0.0,0.473,0.012599,0.0,0.004146,0.01034
3p1zGI,0.25,0.5789,59.0,39.0,0.8571,0.4734,0.008671,0.152542,0.00663,0.013494
3p3bAB,0.4545,0.5467,83.0,51.0,0.52,0.4755,0.008531,0.204819,0.012129,0.021953
3p5tAB,0.5833,0.5591,51.0,42.0,0.5385,0.484,0.008302,0.137255,0.005435,0.012418
3p7xBD,0.0,0.7165,20.0,35.0,0.0,0.4969,0.016257,0.0,0.005257,0.011838
3p87AE,0.0,0.7573,55.0,42.0,0.0,0.5527,0.011745,0.0,0.009383,0.015729
3p8cDE,0.0,0.4752,28.0,40.0,0.1667,0.3074,0.01058,0.035714,0.003061,0.00929
3p9iCD,0.0588,0.6119,32.0,76.0,0.0,0.271,0.010522,0.09375,0.004123,0.024496
3pe5AB,0.0,0.8386,71.0,35.0,0.1538,0.5411,0.027416,0.098592,0.016808,0.02982
3pfsAB,0.0,0.7074,26.0,34.0,0.3,0.4853,0.042185,0.269231,0.005172,0.0282
3ph9AB,0.0,0.733,23.0,38.0,0.2857,0.5629,0.009613,0.434783,0.005806,0.019994
3phfMQ,0.1538,0.4824,22.0,33.0,0.1429,0.4981,0.006043,0.090909,0.002833,0.008083
3pm8AB,0.0294,0.5326,28.0,42.0,0.2222,0.4878,0.009806,0.285714,0.003251,0.013266
3pn3AB,0.0,0.8533,59.0,44.0,0.6552,0.7259,0.020158,0.491525,0.014455,0.033954
3pnbAB,0.0323,0.5917,28.0,31.0,0.2857,0.4903,0.013315,0.107143,0.003736,0.010419
3psqAB,0.0,0.5491,49.0,26.0,0.6,0.6097,0.018196,0.204082,0.005003,0.014067
3pu8AB,0.1,0.5981,122.0,36.0,0.4,0.4508,0.006681,0.090164,0.018005,0.023551
3q15AB,0.0513,0.6493,43.0,27.0,0.25,0.5143,0.014989,0.186047,0.005384,0.013288
3q2lAB,0.0625,0.6541,23.0,45.0,0.4444,0.5509,0.010995,0.347826,0.004218,0.01684
3q4dAG,0.0294,0.4844,50.0,32.0,0.8421,0.6074,0.005347,0.28,0.004923,0.01314
3qb2AB,0.0,0.5409,36.0,57.0,0.0,0.4176,0.019589,0.0,0.003801,0.016178
3qbpBD,0.0333,0.5404,25.0,64.0,0.0,0.2896,0.003064,0.08,0.0032,0.016397
3qg5BD,0.0,0.5325,22.0,55.0,0.0,0.3296,0.004204,0.0,0.003007,0.011531
3qgkGI,0.0,0.5141,30.0,67.0,0.0,0.3135,0.004865,0.0,0.003268,0.017487
3qkrAC,0.0,0.8925,71.0,35.0,0.75,0.5937,0.021066,0.225352,0.020396,0.031495
3qp5AB,0.0238,0.5402,64.0,65.0,0.7273,0.3746,0.020638,0.140625,0.007456,0.025683
3qu7AB,0.0312,0.6066,32.0,38.0,0.0,0.5344,0.006367,0.0625,0.004094,0.009603
3qv4AB,0.0,0.6541,24.0,43.0,0.3077,0.4937,0.015956,0.458333,0.004259,0.02116
3qvmAB,0.0,0.6904,27.0,39.0,0.625,0.5299,0.009902,0.703704,0.004857,0.024893
3qyyAB,0.1556,0.9143,119.0,33.0,0.5,0.5365,0.00487,0.016807,0.029911,0.034519
3r2aAD,0.36,0.6348,48.0,43.0,0.2,0.5016,0.005118,0.041667,0.00573,0.011655
3r66BD,0.1818,0.7099,50.0,31.0,0.6667,0.525,0.008208,0.16,0.007146,0.013358
3r6aAB,0.0,0.5766,44.0,52.0,0.087,0.5249,0.015108,0.181818,0.004747,0.015991
3r6qDF,0.0,0.8755,26.0,36.0,0.7143,0.6111,0.028346,0.346154,0.013079,0.031616
3ro5AB,0.0,0.6214,43.0,36.0,0.0,0.6037,0.011561,0.023256,0.005071,0.011013
3rrvCD,0.5,0.7083,68.0,55.0,0.1,0.5648,0.006758,0.029412,0.010426,0.019494
3rt1CD,0.0,0.6045,31.0,26.0,0.0,0.5336,0.018786,0.0,0.004005,0.0109
3rv5CD,0.0,0.7899,64.0,32.0,0.5,0.5638,0.015061,0.28125,0.01207,0.022167
3s24FG,0.0,0.733,20.0,36.0,0.8333,0.5279,0.011416,0.45,0.005662,0.020165
3s35HX,0.1579,0.5311,50.0,37.0,0.5714,0.5775,0.008642,0.1,0.005062,0.011097
3s5pAB,0.0,0.6936,48.0,50.0,0.0,0.4933,0.013638,0.104167,0.006484,0.015894
3sb8AB,0.025,0.7231,32.0,55.0,0.125,0.5696,0.015851,0.03125,0.006033,0.016992
3slhAB,0.0968,0.6343,32.0,34.0,0.3636,0.4501,0.004064,0.25,0.004399,0.011903
3sohAC,0.0,0.8505,22.0,40.0,0.0,0.6846,0.017932,0.0,0.011038,0.018432
3sq8BC,0.0811,0.4972,46.0,35.0,0.0,0.562,0.006252,0.0,0.00449,0.008975
3ss4BD,0.4231,0.5936,30.0,63.0,0.1765,0.4575,0.0092,0.233333,0.003871,0.019108
3ssbAB,0.0323,0.5171,22.0,36.0,0.1818,0.6066,0.009459,0.181818,0.002931,0.009956
3svhAB,0.0,0.7173,32.0,48.0,0.5385,0.4612,0.040643,0.28125,0.005813,0.030571
3swhAB,0.1111,0.63,28.0,31.0,0.0,0.53,0.004593,0.0,0.00414,0.008293
3sxmAB,0.0217,0.6919,67.0,47.0,0.0,0.4851,0.009576,0.059701,0.009913,0.017185
3szkAC,0.0,0.7031,21.0,32.0,0.5714,0.494,0.032755,0.619048,0.004864,0.033275
3t07CD,0.1765,0.4731,62.0,53.0,0.0,0.3377,0.006316,0.048387,0.006857,0.015203
3ta2AB,0.0312,0.6857,25.0,28.0,0.8182,0.6729,0.007225,0.48,0.004695,0.019411
3tacAB,0.0,0.5471,35.0,50.0,0.0,0.3566,0.012841,0.0,0.003799,0.011966
3tatAB,0.0769,0.5411,56.0,64.0,0.3125,0.3283,0.0056,0.232143,0.005966,0.021257
3td5CD,0.0,0.8127,38.0,41.0,1.0,0.6186,0.00848,0.105263,0.009577,0.016094
3tdiAB,0.0,0.5205,22.0,41.0,0.0,0.4522,0.004926,0.0,0.002952,0.007992
3tdzBD,0.0,0.8192,31.0,43.0,0.2857,0.5787,0.018227,0.064516,0.009631,0.018394
3tf7CK,0.0435,0.6933,77.0,41.0,0.0,0.6413,0.010059,0.0,0.012207,0.017959
3tg9AB,0.0625,0.5654,74.0,48.0,0.3429,0.4816,0.011736,0.283784,0.010306,0.021755
3tixAB,0.0,0.5539,38.0,56.0,0.2143,0.3999,0.007492,0.184211,0.004033,0.015124
3tj1AB,0.2353,0.5629,62.0,49.0,0.0,0.3597,0.011537,0.0,0.007256,0.014907
3tk3AD,0.0,0.842,29.0,37.0,0.0,0.578,0.015398,0.0,0.010983,0.017533
3tnfAB,0.0,0.6159,42.0,71.0,0.0,0.5256,0.009668,0.02381,0.004906,0.022931
3tpfBC,0.0,0.5822,91.0,53.0,0.2,0.5487,0.0148,0.142857,0.014314,0.02515
3tswBD,0.0,0.592,20.0,42.0,0.6667,0.3581,0.029769,0.1,0.003415,0.018765
3tuzEF,0.1143,0.5086,61.0,53.0,0.2381,0.399,0.005449,0.131148,0.006603,0.015567
3tx7AB,0.6,0.7229,108.0,50.0,0.25,0.579,0.006864,0.055556,0.018608,0.026229
3u5zAE,0.0588,0.4992,32.0,48.0,0.0,0.3157,0.009754,0.0,0.00332,0.010164
3u61AB,0.0,0.5753,52.0,43.0,0.0,0.3776,0.030263,0.019231,0.005697,0.021166
3u61AE,0.0,0.5414,85.0,44.0,0.6,0.363,0.010065,0.082353,0.012528,0.019592
3u61FH,0.0,0.8063,60.0,40.0,0.0,0.6991,0.015992,0.0,0.011993,0.019001
3u8uCF,0.0303,0.7012,20.0,25.0,0.0,0.5825,0.010116,0.05,0.004778,0.010168
3u9sGI,0.0,0.6228,27.0,37.0,0.2727,0.4725,0.01429,0.185185,0.004027,0.012275
3uinAC,0.0,0.7197,27.0,32.0,0.6154,0.5343,0.03495,0.333333,0.005658,0.026931
3uk2AB,0.0,0.5973,25.0,48.0,0.25,0.3658,0.01052,0.2,0.003671,0.012974
3uuwBD,0.0,0.5579,45.0,55.0,0.2941,0.457,0.01824,0.222222,0.004708,0.018486
3v1dEH,0.0,0.834,36.0,42.0,0.3636,0.6485,0.025128,0.25,0.010693,0.025327
3zuhDE,0.0,0.6178,27.0,39.0,0.0,0.4012,0.02553,0.037037,0.003912,0.015845
3zupAB,0.0,0.7029,25.0,46.0,0.1538,0.5506,0.010462,0.28,0.00503,0.015563
3zyjAB,0.0227,0.4654,83.0,46.0,0.0,0.3936,0.009454,0.0,0.011677,0.01799
4a34NS,0.0,0.7075,39.0,40.0,0.8889,0.5908,0.018304,0.333333,0.00595,0.018768
4akeAB,0.0,0.7145,40.0,41.0,0.0,0.4657,0.022182,0.0,0.006268,0.015968
4otcHI,0.0,0.736,42.0,52.0,0.0,0.6679,0.010288,0.190476,0.007156,0.017474
5cscAB,0.2963,0.5326,41.0,68.0,0.2778,0.3014,0.006239,0.170732,0.004136,0.021155
