candidate,template,receptor_residues_matched,overlap_count,receptor_contact_residue_count,jaccard,score,error
3agcAB_1acbE_1acbI.pdb,3agcAB,39 41 42 57 58 59 99 143 146 172 175 190 191 192 193 195 214 215 216 217 218 220,22,39,0.5116,0.56297,
1sgvAB_1acbE_1acbI.pdb,1sgvAB,39 40 41 42 57 58 59 99 143 146 151 192 193 195 216 218,16,27,0.4324,0.76558,
1k8fCD_1acbE_1acbI.pdb,1k8fCD,57 99 146 175 190 191 192 214 215 216 217 218 220,13,20,0.3939,0.60439,
3is5CE_1acbE_1acbI.pdb,3is5CE,39 40 41 42 57 58 59 99 192 193 195 214 215 216 218,15,28,0.3846,0.7713099999999999,
2rf4AD_1acbE_1acbI.pdb,2rf4AD,39 40 41 42 57 58 59 99 143 146 175 191 192 193 195 217 218 220,18,40,0.375,0.81009,
3fypBD_1acbE_1acbI.pdb,3fypBD,39 40 41 143 146 191 192 217 218 220,10,13,0.3448,0.66109,
1aznAC_1acbE_1acbI.pdb,1aznAC,39 40 41 42 57 58 59 143 151 191 192 193 194 195,14,30,0.3333,0.48192999999999997,
3fwyAB_1acbE_1acbI.pdb,3fwyAB,57 99 143 146 172 175 191 192 195 214 215 216 217 218 220,15,34,0.3333,0.50428,
1dcnAB_1acbE_1acbI.pdb,1dcnAB,99 146 172 175 192 215 216 217 218 220,10,17,0.303,0.6427499999999999,
2vokAB_1acbE_1acbI.pdb,2vokAB,99 146 172 175 192 215 216 217 218 220,10,19,0.2857,0.49595,
1qatAB_1acbE_1acbI.pdb,1qatAB,143 146 172 175 192 216 217 218 220,9,16,0.2727,0.5996900000000001,
3kl9IJ_1acbE_1acbI.pdb,3kl9IJ,39 41 57 58 59 99 146 192 215 218,10,25,0.2439,0.66926,
2nx5DQ_1acbE_1acbI.pdb,2nx5DQ,39 40 41 42 143 146 151 193,8,15,0.2424,0.64508,
3qnkAB_1acbE_1acbI.pdb,3qnkAB,39 41 57 58 59 99 175 192,8,15,0.2424,0.51583,
1iluCD_1acbE_1acbI.pdb,1iluCD,39 40 41 42 57 58 59,7,14,0.2121,0.58787,
1bihAB_1acbE_1acbI.pdb,1bihAB,99 172 175 215 216 217 218,7,15,0.2059,0.47468,
1ofzAB_1acbE_1acbI.pdb,1ofzAB,39 40 41 58 143 151 192,7,15,0.2059,0.4579,
3tt1BH_1acbE_1acbI.pdb,3tt1BH,99 172 175 215 216 218,6,11,0.1935,0.6059399999999999,
1m1cAB_1acbE_1acbI.pdb,1m1cAB,39 41 57 58 59 99,6,13,0.1818,0.52729,
3ln2AB_1acbE_1acbI.pdb,3ln2AB,99 172 175 215 216 217 218,7,20,0.1795,0.8123100000000001,
1c4zBC_1acbE_1acbI.pdb,1c4zBC,41 42 57 58 59 195,6,16,0.1667,0.5864,
2hpgAC_1acbE_1acbI.pdb,2hpgAC,57 99 146 175 192 218,6,17,0.1622,0.6437299999999999,
1wp9DE_1acbE_1acbI.pdb,1wp9DE,39 57 58 59 99,5,10,0.1613,0.51885,
1rp5AB_1acbE_1acbI.pdb,1rp5AB,172 175 215 217 218,5,11,0.1562,0.68059,
1ci9AB_1acbE_1acbI.pdb,1ci9AB,39 40 41 57 58 59 99,7,29,0.1458,0.49971,
3l88AL_1acbE_1acbI.pdb,3l88AL,39 41 57 58 59,5,14,0.1429,0.51462,
3cb4AC_1acbE_1acbI.pdb,3cb4AC,146 172 190 217 218 220,6,24,0.1364,0.6157900000000001,
3amqAD_1acbE_1acbI.pdb,3amqAD,39 40 41 58 59,5,16,0.1351,0.60181,
1u6gAB_1acbE_1acbI.pdb,1u6gAB,39 143 146 151,4,8,0.1333,0.53782,
2wlbAB_1acbE_1acbI.pdb,2wlbAB,39 41 57 58 59,5,17,0.1316,0.69247,
3f07BC_1acbE_1acbI.pdb,3f07BC,172 175 215 217 218,5,18,0.1282,0.49129,
1u75AB_1acbE_1acbI.pdb,1u75AB,146 172 217 218 220,5,21,0.119,0.72871,
3sylAB_1acbE_1acbI.pdb,3sylAB,172 175 217 218,4,12,0.1176,0.51923,
1c2yGH_1acbE_1acbI.pdb,1c2yGH,143 146 151 191 220,5,26,0.1064,0.71506,
2dw2AB_1acbE_1acbI.pdb,2dw2AB,172 175 217 218,4,18,0.1,0.51145,
3p98AB_1acbE_1acbI.pdb,3p98AB,99 172 175 215,4,18,0.1,0.63539,
2cw6CD_1acbE_1acbI.pdb,2cw6CD,57 58 59 99,4,19,0.0976,0.68213,
1mcsAB_1acbE_1acbI.pdb,1mcsAB,99 172 175,3,9,0.0938,0.56408,
1l7eBC_1acbE_1acbI.pdb,1l7eBC,172 175 218,3,10,0.0909,0.5652,
1m4xAC_1acbE_1acbI.pdb,1m4xAC,172 175 215,3,10,0.0909,0.60154,
2uvlAB_1acbE_1acbI.pdb,2uvlAB,41 57 58 59,4,23,0.0889,0.6554599999999999,
1h59AB_1acbE_1acbI.pdb,1h59AB,57 58 59,3,11,0.0882,0.72463,
2whgAB_1acbE_1acbI.pdb,2whgAB,57 59 99,3,11,0.0882,0.58314,
2vhsCD_1acbE_1acbI.pdb,2vhsCD,57 58 59 99,4,25,0.0851,0.51522,
2ef5EG_1acbE_1acbI.pdb,2ef5EG,99 172 175,3,16,0.0769,0.51803,
1lbhAB_1acbE_1acbI.pdb,1lbhAB,39 40 151,3,17,0.075,0.5952,
2abmBF_1acbE_1acbI.pdb,2abmBF,99 175 215,3,17,0.075,0.8328,
2v9eAB_1acbE_1acbI.pdb,2v9eAB,58 59 99,3,22,0.0667,0.48463999999999996,
3ltmAB_1acbE_1acbI.pdb,3ltmAB,146 151,2,7,0.0645,0.58804,
3ozxAB_1acbE_1acbI.pdb,3ozxAB,57 59 99,3,26,0.0612,0.66414,
2r6aAB_1acbE_1acbI.pdb,2r6aAB,172 217,2,9,0.0606,0.60024,
3hufAC_1acbE_1acbI.pdb,3hufAC,172 175,2,9,0.0606,0.48932,
1xf5LM_1acbE_1acbI.pdb,1xf5LM,57 58 59,3,27,0.06,0.82546,
1tjuCD_1acbE_1acbI.pdb,1tjuCD,172 175,2,10,0.0588,0.5623100000000001,
2o20AB_1acbE_1acbI.pdb,2o20AB,99 175,2,10,0.0588,0.59914,
3on3AB_1acbE_1acbI.pdb,3on3AB,57 58 59,3,28,0.0588,0.7259899999999999,
3brcAB_1acbE_1acbI.pdb,3brcAB,172 175,2,11,0.0571,0.57302,
1h3gAB_1acbE_1acbI.pdb,1h3gAB,57 58 59,3,31,0.0556,0.64391,
2gwgAB_1acbE_1acbI.pdb,2gwgAB,143 151 191,3,31,0.0556,0.61181,
2wpvEG_1acbE_1acbI.pdb,2wpvEG,146 220,2,13,0.0541,0.58505,
3r4dAB_1acbE_1acbI.pdb,3r4dAB,172 175,2,14,0.0526,0.60963,
2pk9BD_1acbE_1acbI.pdb,2pk9BD,172 175,2,15,0.0513,0.68832,
3goyBD_1acbE_1acbI.pdb,3goyBD,172 217,2,15,0.0513,0.53849,
1r1pBD_1acbE_1acbI.pdb,1r1pBD,57 59,2,16,0.05,0.6962999999999999,
3sajAD_1acbE_1acbI.pdb,3sajAD,172 175,2,17,0.0488,0.61644,
3eajAB_1acbE_1acbI.pdb,3eajAB,172 175,2,18,0.0476,0.70565,
1ijlAB_1acbE_1acbI.pdb,1ijlAB,172 175,2,20,0.0455,0.72719,
1ot8BC_1acbE_1acbI.pdb,1ot8BC,99 175,2,20,0.0455,0.63324,
1tdqAB_1acbE_1acbI.pdb,1tdqAB,39 41,2,21,0.0444,0.68489,
3exfEH_1acbE_1acbI.pdb,3exfEH,172 220,2,22,0.0435,0.5259199999999999,
3f3gGH_1acbE_1acbI.pdb,3f3gGH,99 175,2,23,0.0426,0.5305799999999999,
1zkpCD_1acbE_1acbI.pdb,1zkpCD,99 175,2,26,0.04,0.76344,
3qu4AB_1acbE_1acbI.pdb,3qu4AB,99 175,2,26,0.04,0.68006,
3dahBC_1acbE_1acbI.pdb,3dahBC,146 220,2,34,0.0345,0.54456,
2ec9TU_1acbE_1acbI.pdb,2ec9TU,172,1,9,0.0294,0.62487,
1d1zCD_1acbE_1acbI.pdb,1d1zCD,146,1,10,0.0286,0.67887,
1eerAB_1acbE_1acbI.pdb,1eerAB,39,1,10,0.0286,0.59926,
1h1lBC_1acbE_1acbI.pdb,1h1lBC,175,1,10,0.0286,0.60758,
1q3vBE_1acbE_1acbI.pdb,1q3vBE,99,1,10,0.0286,0.55019,
2i71AB_1acbE_1acbI.pdb,2i71AB,175,1,10,0.0286,0.45916999999999997,
2pzdAB_1acbE_1acbI.pdb,2pzdAB,146,1,11,0.0278,0.5724499999999999,
2qjsAB_1acbE_1acbI.pdb,2qjsAB,175,1,11,0.0278,0.444,
3kulAB_1acbE_1acbI.pdb,3kulAB,175,1,11,0.0278,0.8699300000000001,
1z2bDE_1acbE_1acbI.pdb,1z2bDE,59,1,12,0.027,0.74997,
2nz1AB_1acbE_1acbI.pdb,2nz1AB,146,1,12,0.027,0.51164,
3o5yAB_1acbE_1acbI.pdb,3o5yAB,175,1,12,0.027,0.60399,
2wthAB_1acbE_1acbI.pdb,2wthAB,99,1,13,0.0263,0.72627,
3ieiAB_1acbE_1acbI.pdb,3ieiAB,175,1,13,0.0263,0.66806,
3lnoAC_1acbE_1acbI.pdb,3lnoAC,59,1,13,0.0263,0.71516,
1mpyBC_1acbE_1acbI.pdb,1mpyBC,99,1,14,0.0256,0.86252,
1wy7AC_1acbE_1acbI.pdb,1wy7AC,59,1,14,0.0256,0.8343700000000001,
1kphAD_1acbE_1acbI.pdb,1kphAD,99,1,15,0.025,0.7388399999999999,
2wj6AC_1acbE_1acbI.pdb,2wj6AC,57,1,15,0.025,0.8223100000000001,
2oq2AB_1acbE_1acbI.pdb,2oq2AB,172,1,16,0.0244,0.61998,
2r83AB_1acbE_1acbI.pdb,2r83AB,220,1,16,0.0244,0.48002,
2rc3AB_1acbE_1acbI.pdb,2rc3AB,172,1,16,0.0244,0.8263400000000001,
3g1uBC_1acbE_1acbI.pdb,3g1uBC,59,1,17,0.0238,0.59216,
2uxqBD_1acbE_1acbI.pdb,2uxqBD,175,1,18,0.0233,0.78793,
3ntkAB_1acbE_1acbI.pdb,3ntkAB,175,1,18,0.0233,0.5858399999999999,
1oxkCF_1acbE_1acbI.pdb,1oxkCF,172,1,19,0.0227,0.75563,
2qxzAB_1acbE_1acbI.pdb,2qxzAB,99,1,19,0.0227,0.45321999999999996,
3bpfAC_1acbE_1acbI.pdb,3bpfAC,59,1,19,0.0227,0.46654,
3i76AB_1acbE_1acbI.pdb,3i76AB,59,1,20,0.0222,0.82307,
1gmyAB_1acbE_1acbI.pdb,1gmyAB,59,1,21,0.0217,0.47516,
1r5kAC_1acbE_1acbI.pdb,1r5kAC,151,1,21,0.0217,0.6806099999999999,
2y83ST_1acbE_1acbI.pdb,2y83ST,175,1,21,0.0217,0.55481,
3m8cBD_1acbE_1acbI.pdb,3m8cBD,172,1,21,0.0217,0.51888,
1sj7AB_1acbE_1acbI.pdb,1sj7AB,59,1,22,0.0213,0.59065,
3euhBE_1acbE_1acbI.pdb,3euhBE,99,1,22,0.0213,0.64725,
3ih6AB_1acbE_1acbI.pdb,3ih6AB,172,1,22,0.0213,0.7705,
3oirAB_1acbE_1acbI.pdb,3oirAB,99,1,22,0.0213,0.7613099999999999,
1fs0EG_1acbE_1acbI.pdb,1fs0EG,175,1,24,0.0204,0.61571,
1y2mAD_1acbE_1acbI.pdb,1y2mAD,59,1,24,0.0204,0.5819300000000001,
2dwzAC_1acbE_1acbI.pdb,2dwzAC,59,1,24,0.0204,0.82438,
2q16AB_1acbE_1acbI.pdb,2q16AB,172,1,24,0.0204,0.70435,
2yzhBD_1acbE_1acbI.pdb,2yzhBD,172,1,24,0.0204,0.52593,
3tbmAB_1acbE_1acbI.pdb,3tbmAB,172,1,24,0.0204,0.6254200000000001,
2d73AB_1acbE_1acbI.pdb,2d73AB,146,1,25,0.02,0.49949999999999994,
3b8pAC_1acbE_1acbI.pdb,3b8pAC,99,1,25,0.02,0.82205,
2vpiAB_1acbE_1acbI.pdb,2vpiAB,175,1,26,0.0196,0.53893,
2py2BF_1acbE_1acbI.pdb,2py2BF,57,1,27,0.0192,0.9585,
1grcAB_1acbE_1acbI.pdb,1grcAB,59,1,29,0.0185,0.78856,
2yy6AB_1acbE_1acbI.pdb,2yy6AB,175,1,30,0.0182,0.6500699999999999,
3d87AB_1acbE_1acbI.pdb,3d87AB,175,1,34,0.0169,0.60131,
3a24AB_1acbE_1acbI.pdb,3a24AB,175,1,39,0.0156,0.51813,
1a81IJ_1acbE_1acbI.pdb,1a81IJ,,0,17,0.0,0.44572,
1aihCD_1acbE_1acbI.pdb,1aihCD,,0,7,0.0,0.55592,
1am4AD_1acbE_1acbI.pdb,1am4AD,,0,11,0.0,0.53802,
1apzBD_1acbE_1acbI.pdb,1apzBD,,0,10,0.0,0.67651,
1aroLP_1acbE_1acbI.pdb,1aroLP,,0,11,0.0,0.69875,
1aztAB_1acbE_1acbI.pdb,1aztAB,,0,11,0.0,0.68891,
1bd9AB_1acbE_1acbI.pdb,1bd9AB,,0,25,0.0,0.4466,
1bhmAB_1acbE_1acbI.pdb,1bhmAB,,0,16,0.0,0.58452,
1bqhDK_1acbE_1acbI.pdb,1bqhDK,,0,22,0.0,0.69701,
1cdtAB_1acbE_1acbI.pdb,1cdtAB,,0,22,0.0,0.546,
1cqiAB_1acbE_1acbI.pdb,1cqiAB,,0,26,0.0,0.5972299999999999,
1cvjFH_1acbE_1acbI.pdb,1cvjFH,,0,23,0.0,0.64178,
1d8tAB_1acbE_1acbI.pdb,1d8tAB,,0,14,0.0,0.86509,
1djtAB_1acbE_1acbI.pdb,1djtAB,,0,13,0.0,0.82013,
1e6eCD_1acbE_1acbI.pdb,1e6eCD,,0,21,0.0,0.6384799999999999,
1eavFH_1acbE_1acbI.pdb,1eavFH,,0,11,0.0,0.86751,
1ecxAB_1acbE_1acbI.pdb,1ecxAB,,0,14,0.0,0.82988,
1efuBD_1acbE_1acbI.pdb,1efuBD,,0,22,0.0,0.59444,
1ewvAB_1acbE_1acbI.pdb,1ewvAB,,0,13,0.0,0.6511899999999999,
1f0vCD_1acbE_1acbI.pdb,1f0vCD,,0,12,0.0,0.6816800000000001,
1f8iBD_1acbE_1acbI.pdb,1f8iBD,,0,20,0.0,0.48790999999999995,
1f9aAF_1acbE_1acbI.pdb,1f9aAF,,0,23,0.0,0.71953,
1fp6AC_1acbE_1acbI.pdb,1fp6AC,,0,20,0.0,0.82031,
1fvfAB_1acbE_1acbI.pdb,1fvfAB,,0,26,0.0,0.6960500000000001,
1fzbCF_1acbE_1acbI.pdb,1fzbCF,,0,9,0.0,0.60028,
1g0zAB_1acbE_1acbI.pdb,1g0zAB,,0,19,0.0,0.5831999999999999,
1g73AB_1acbE_1acbI.pdb,1g73AB,,0,14,0.0,0.6142799999999999,
1g73AC_1acbE_1acbI.pdb,1g73AC,,0,28,0.0,0.6673899999999999,
1gmlBC_1acbE_1acbI.pdb,1gmlBC,,0,19,0.0,0.5641700000000001,
1gpeAB_1acbE_1acbI.pdb,1gpeAB,,0,15,0.0,0.56711,
1gqyAB_1acbE_1acbI.pdb,1gqyAB,,0,14,0.0,0.54201,
1gulFG_1acbE_1acbI.pdb,1gulFG,,0,16,0.0,0.85119,
1gwnAC_1acbE_1acbI.pdb,1gwnAC,,0,12,0.0,0.7579,
1h4rAB_1acbE_1acbI.pdb,1h4rAB,,0,9,0.0,0.72911,
1hkhAB_1acbE_1acbI.pdb,1hkhAB,,0,11,0.0,0.78262,
1htzCE_1acbE_1acbI.pdb,1htzCE,,0,17,0.0,0.61861,
1hzdBF_1acbE_1acbI.pdb,1hzdBF,,0,15,0.0,0.88901,
1i50BJ_1acbE_1acbI.pdb,1i50BJ,,0,24,0.0,0.5889,
1i51DF_1acbE_1acbI.pdb,1i51DF,,0,19,0.0,0.68996,
1irjBE_1acbE_1acbI.pdb,1irjBE,,0,13,0.0,0.8160499999999999,
1iruXY_1acbE_1acbI.pdb,1iruXY,,0,13,0.0,0.6781699999999999,
1jihAB_1acbE_1acbI.pdb,1jihAB,,0,20,0.0,0.5224599999999999,
1jl3CD_1acbE_1acbI.pdb,1jl3CD,,0,20,0.0,0.66143,
1jx7EF_1acbE_1acbI.pdb,1jx7EF,,0,12,0.0,0.7715099999999999,
1k1fCD_1acbE_1acbI.pdb,1k1fCD,,0,18,0.0,0.6333,
1k9xAB_1acbE_1acbI.pdb,1k9xAB,,0,18,0.0,0.7642800000000001,
1kplBD_1acbE_1acbI.pdb,1kplBD,,0,20,0.0,0.5569999999999999,
1l0aAB_1acbE_1acbI.pdb,1l0aAB,,0,21,0.0,0.6178600000000001,
1l7cAB_1acbE_1acbI.pdb,1l7cAB,,0,12,0.0,0.71389,
1l9hAB_1acbE_1acbI.pdb,1l9hAB,,0,15,0.0,0.6110500000000001,
1le7AB_1acbE_1acbI.pdb,1le7AB,,0,25,0.0,0.65316,
1luaBC_1acbE_1acbI.pdb,1luaBC,,0,13,0.0,0.7348399999999999,
1ml1AE_1acbE_1acbI.pdb,1ml1AE,,0,11,0.0,0.82605,
1mo1AD_1acbE_1acbI.pdb,1mo1AD,,0,19,0.0,0.74657,
1mssAB_1acbE_1acbI.pdb,1mssAB,,0,39,0.0,0.54602,
1nbbAB_1acbE_1acbI.pdb,1nbbAB,,0,11,0.0,0.81888,
1ne2AB_1acbE_1acbI.pdb,1ne2AB,,0,24,0.0,0.51182,
1ns3AB_1acbE_1acbI.pdb,1ns3AB,,0,22,0.0,0.55108,
1nw2BH_1acbE_1acbI.pdb,1nw2BH,,0,21,0.0,0.92925,
1ny6EF_1acbE_1acbI.pdb,1ny6EF,,0,18,0.0,0.5991,
1o7kBC_1acbE_1acbI.pdb,1o7kBC,,0,12,0.0,0.79876,
1ohfCD_1acbE_1acbI.pdb,1ohfCD,,0,19,0.0,0.60619,
1on0AB_1acbE_1acbI.pdb,1on0AB,,0,7,0.0,0.66884,
1or6AB_1acbE_1acbI.pdb,1or6AB,,0,26,0.0,0.68056,
1otkAB_1acbE_1acbI.pdb,1otkAB,,0,17,0.0,0.7154400000000001,
1oy5AC_1acbE_1acbI.pdb,1oy5AC,,0,16,0.0,0.5790500000000001,
1ozbFH_1acbE_1acbI.pdb,1ozbFH,,0,13,0.0,0.9374100000000001,
1pjuBD_1acbE_1acbI.pdb,1pjuBD,,0,24,0.0,0.5728899999999999,
1pnvAB_1acbE_1acbI.pdb,1pnvAB,,0,17,0.0,0.75466,
1prtHJ_1acbE_1acbI.pdb,1prtHJ,,0,24,0.0,0.71166,
1pyaBC_1acbE_1acbI.pdb,1pyaBC,,0,19,0.0,0.70572,
1q4kAB_1acbE_1acbI.pdb,1q4kAB,,0,19,0.0,0.8700699999999999,
1qr7BD_1acbE_1acbI.pdb,1qr7BD,,0,15,0.0,0.58216,
1r59OX_1acbE_1acbI.pdb,1r59OX,,0,21,0.0,0.6560900000000001,
1rhyAB_1acbE_1acbI.pdb,1rhyAB,,0,14,0.0,0.63911,
1riiAC_1acbE_1acbI.pdb,1riiAC,,0,17,0.0,0.6700999999999999,
1rj2AD_1acbE_1acbI.pdb,1rj2AD,,0,28,0.0,0.49171,
1rj4AB_1acbE_1acbI.pdb,1rj4AB,,0,11,0.0,0.56968,
1ry8AB_1acbE_1acbI.pdb,1ry8AB,,0,10,0.0,0.7242599999999999,
1s3sAF_1acbE_1acbI.pdb,1s3sAF,,0,19,0.0,0.54712,
1s6vBC_1acbE_1acbI.pdb,1s6vBC,,0,12,0.0,0.6867300000000001,
1sfrAC_1acbE_1acbI.pdb,1sfrAC,,0,26,0.0,0.65298,
1shsAC_1acbE_1acbI.pdb,1shsAC,,0,8,0.0,0.49563,
1spiAD_1acbE_1acbI.pdb,1spiAD,,0,12,0.0,0.65175,
1suvBF_1acbE_1acbI.pdb,1suvBF,,0,14,0.0,0.8085899999999999,
1t0bEH_1acbE_1acbI.pdb,1t0bEH,,0,10,0.0,0.50496,
1t3wAB_1acbE_1acbI.pdb,1t3wAB,,0,33,0.0,0.60083,
1t44AG_1acbE_1acbI.pdb,1t44AG,,0,13,0.0,0.54105,
1t62AB_1acbE_1acbI.pdb,1t62AB,,0,13,0.0,0.56094,
1t6pGH_1acbE_1acbI.pdb,1t6pGH,,0,16,0.0,0.63988,
1ta3AB_1acbE_1acbI.pdb,1ta3AB,,0,13,0.0,0.58145,
1taeAB_1acbE_1acbI.pdb,1taeAB,,0,25,0.0,0.6817,
1tedAC_1acbE_1acbI.pdb,1tedAC,,0,14,0.0,0.59287,
1tjoAC_1acbE_1acbI.pdb,1tjoAC,,0,33,0.0,0.74942,
1twyAB_1acbE_1acbI.pdb,1twyAB,,0,9,0.0,0.90086,
1twyEF_1acbE_1acbI.pdb,1twyEF,,0,12,0.0,0.83414,
1u0sAY_1acbE_1acbI.pdb,1u0sAY,,0,19,0.0,0.6208400000000001,
1u9dAB_1acbE_1acbI.pdb,1u9dAB,,0,21,0.0,0.47597999999999996,
1uf2FR_1acbE_1acbI.pdb,1uf2FR,,0,16,0.0,0.78235,
1uf9AC_1acbE_1acbI.pdb,1uf9AC,,0,18,0.0,0.75972,
1uhgAB_1acbE_1acbI.pdb,1uhgAB,,0,19,0.0,0.51882,
1up4AB_1acbE_1acbI.pdb,1up4AB,,0,19,0.0,0.6195999999999999,
1ux9AB_1acbE_1acbI.pdb,1ux9AB,,0,18,0.0,0.63032,
1vc1AB_1acbE_1acbI.pdb,1vc1AB,,0,17,0.0,0.80873,
1ve5BC_1acbE_1acbI.pdb,1ve5BC,,0,13,0.0,0.66473,
1womAB_1acbE_1acbI.pdb,1womAB,,0,15,0.0,0.65231,
1x23AD_1acbE_1acbI.pdb,1x23AD,,0,13,0.0,0.74012,
1xgsAB_1acbE_1acbI.pdb,1xgsAB,,0,15,0.0,0.58334,
1xkpAC_1acbE_1acbI.pdb,1xkpAC,,0,26,0.0,0.60822,
1xm3AC_1acbE_1acbI.pdb,1xm3AC,,0,11,0.0,0.66237,
1xrjAB_1acbE_1acbI.pdb,1xrjAB,,0,16,0.0,0.71561,
1y6kLR_1acbE_1acbI.pdb,1y6kLR,,0,14,0.0,0.7363999999999999,
1ybgBD_1acbE_1acbI.pdb,1ybgBD,,0,14,0.0,0.6114999999999999,
1yfhAC_1acbE_1acbI.pdb,1yfhAC,,0,12,0.0,0.76932,
1yj8AB_1acbE_1acbI.pdb,1yj8AB,,0,14,0.0,0.7098599999999999,
1yp2AD_1acbE_1acbI.pdb,1yp2AD,,0,21,0.0,0.74986,
1z0kAC_1acbE_1acbI.pdb,1z0kAC,,0,15,0.0,0.8138,
1z69AD_1acbE_1acbI.pdb,1z69AD,,0,15,0.0,0.45455999999999996,
1z6oAM_1acbE_1acbI.pdb,1z6oAM,,0,12,0.0,0.5176499999999999,
1z7aBG_1acbE_1acbI.pdb,1z7aBG,,0,9,0.0,0.8091900000000001,
1z9zAB_1acbE_1acbI.pdb,1z9zAB,,0,23,0.0,0.51285,
1zbhAB_1acbE_1acbI.pdb,1zbhAB,,0,16,0.0,0.72678,
1zdnAB_1acbE_1acbI.pdb,1zdnAB,,0,18,0.0,0.59467,
1zoqBD_1acbE_1acbI.pdb,1zoqBD,,0,19,0.0,0.7524500000000001,
1zosCF_1acbE_1acbI.pdb,1zosCF,,0,25,0.0,0.7952600000000001,
1zupAB_1acbE_1acbI.pdb,1zupAB,,0,25,0.0,0.52031,
1zuwAC_1acbE_1acbI.pdb,1zuwAC,,0,13,0.0,0.5777,
1zvnAB_1acbE_1acbI.pdb,1zvnAB,,0,12,0.0,0.5798,
1zziAB_1acbE_1acbI.pdb,1zziAB,,0,11,0.0,0.58858,
2a0lAB_1acbE_1acbI.pdb,2a0lAB,,0,11,0.0,0.62849,
2a72AB_1acbE_1acbI.pdb,2a72AB,,0,14,0.0,0.57712,
2adfAH_1acbE_1acbI.pdb,2adfAH,,0,9,0.0,0.68531,
2afcAB_1acbE_1acbI.pdb,2afcAB,,0,20,0.0,0.76729,
2ahmBF_1acbE_1acbI.pdb,2ahmBF,,0,22,0.0,0.65976,
2ao9AH_1acbE_1acbI.pdb,2ao9AH,,0,16,0.0,0.59832,
2as9AB_1acbE_1acbI.pdb,2as9AB,,0,11,0.0,0.94402,
2ashAC_1acbE_1acbI.pdb,2ashAC,,0,17,0.0,0.56508,
2assBC_1acbE_1acbI.pdb,2assBC,,0,22,0.0,0.55008,
2aunAB_1acbE_1acbI.pdb,2aunAB,,0,11,0.0,0.5745899999999999,
2avuBD_1acbE_1acbI.pdb,2avuBD,,0,13,0.0,0.8476999999999999,
2azmAB_1acbE_1acbI.pdb,2azmAB,,0,17,0.0,0.59439,
2b81AC_1acbE_1acbI.pdb,2b81AC,,0,12,0.0,0.49713999999999997,
2b9uCD_1acbE_1acbI.pdb,2b9uCD,,0,24,0.0,0.60667,
2bapAB_1acbE_1acbI.pdb,2bapAB,,0,18,0.0,0.90019,
2bcoAB_1acbE_1acbI.pdb,2bcoAB,,0,18,0.0,0.7961499999999999,
2bhvDF_1acbE_1acbI.pdb,2bhvDF,,0,8,0.0,0.59553,
2bkmAB_1acbE_1acbI.pdb,2bkmAB,,0,10,0.0,0.7487699999999999,
2bt6AB_1acbE_1acbI.pdb,2bt6AB,,0,11,0.0,0.63178,
2btvAQ_1acbE_1acbI.pdb,2btvAQ,,0,21,0.0,0.52864,
2btwAB_1acbE_1acbI.pdb,2btwAB,,0,24,0.0,0.55531,
2bwjCF_1acbE_1acbI.pdb,2bwjCF,,0,14,0.0,0.57729,
2c21DE_1acbE_1acbI.pdb,2c21DE,,0,18,0.0,0.47928000000000004,
2cw5AB_1acbE_1acbI.pdb,2cw5AB,,0,20,0.0,0.74856,
2d2zBC_1acbE_1acbI.pdb,2d2zBC,,0,11,0.0,0.56677,
2d4hAB_1acbE_1acbI.pdb,2d4hAB,,0,24,0.0,0.6854199999999999,
2df7CR_1acbE_1acbI.pdb,2df7CR,,0,21,0.0,0.56707,
2dlaAC_1acbE_1acbI.pdb,2dlaAC,,0,15,0.0,0.59266,
2dooAB_1acbE_1acbI.pdb,2dooAB,,0,11,0.0,0.90704,
2dstAB_1acbE_1acbI.pdb,2dstAB,,0,13,0.0,0.8398,
2dtuBD_1acbE_1acbI.pdb,2dtuBD,,0,15,0.0,0.6529400000000001,
2e7jAB_1acbE_1acbI.pdb,2e7jAB,,0,22,0.0,0.50312,
2ebyAB_1acbE_1acbI.pdb,2ebyAB,,0,19,0.0,0.55948,
2efxBD_1acbE_1acbI.pdb,2efxBD,,0,21,0.0,0.5620400000000001,
2evsAE_1acbE_1acbI.pdb,2evsAE,,0,11,0.0,0.8264,
2f0aAD_1acbE_1acbI.pdb,2f0aAD,,0,15,0.0,0.5847100000000001,
2f8aAB_1acbE_1acbI.pdb,2f8aAB,,0,10,0.0,0.62114,
2f9zAC_1acbE_1acbI.pdb,2f9zAC,,0,17,0.0,0.69126,
2fblAB_1acbE_1acbI.pdb,2fblAB,,0,22,0.0,0.6693800000000001,
2fchAE_1acbE_1acbI.pdb,2fchAE,,0,21,0.0,0.8645799999999999,
2fhjAB_1acbE_1acbI.pdb,2fhjAB,,0,16,0.0,0.60348,
2flfEF_1acbE_1acbI.pdb,2flfEF,,0,25,0.0,0.82134,
2floAC_1acbE_1acbI.pdb,2floAC,,0,14,0.0,0.61652,
2floCD_1acbE_1acbI.pdb,2floCD,,0,16,0.0,0.5882099999999999,
2g18CF_1acbE_1acbI.pdb,2g18CF,,0,12,0.0,0.86117,
2g42AB_1acbE_1acbI.pdb,2g42AB,,0,11,0.0,0.63113,
2g7zAB_1acbE_1acbI.pdb,2g7zAB,,0,11,0.0,0.71835,
2gfqAB_1acbE_1acbI.pdb,2gfqAB,,0,13,0.0,0.89421,
2giaBG_1acbE_1acbI.pdb,2giaBG,,0,20,0.0,0.7948900000000001,
2gwoAC_1acbE_1acbI.pdb,2gwoAC,,0,14,0.0,0.77505,
2h1fAB_1acbE_1acbI.pdb,2h1fAB,,0,25,0.0,0.6759,
2hcrAB_1acbE_1acbI.pdb,2hcrAB,,0,15,0.0,0.60252,
2hegAB_1acbE_1acbI.pdb,2hegAB,,0,19,0.0,0.48677000000000004,
2hhlAB_1acbE_1acbI.pdb,2hhlAB,,0,12,0.0,0.59368,
2hw5AB_1acbE_1acbI.pdb,2hw5AB,,0,16,0.0,0.93562,
2hwqAB_1acbE_1acbI.pdb,2hwqAB,,0,16,0.0,0.81506,
2hxzAB_1acbE_1acbI.pdb,2hxzAB,,0,18,0.0,0.5638799999999999,
2i1wBD_1acbE_1acbI.pdb,2i1wBD,,0,12,0.0,0.45613000000000004,
2i2xAB_1acbE_1acbI.pdb,2i2xAB,,0,28,0.0,0.5544899999999999,
2i52BF_1acbE_1acbI.pdb,2i52BF,,0,10,0.0,0.69188,
2i52EF_1acbE_1acbI.pdb,2i52EF,,0,23,0.0,0.71141,
2ia5AB_1acbE_1acbI.pdb,2ia5AB,,0,14,0.0,0.70948,
2ij2AB_1acbE_1acbI.pdb,2ij2AB,,0,16,0.0,0.62879,
2ik6AB_1acbE_1acbI.pdb,2ik6AB,,0,9,0.0,0.52447,
2iu5AB_1acbE_1acbI.pdb,2iu5AB,,0,13,0.0,0.69706,
2iwpAB_1acbE_1acbI.pdb,2iwpAB,,0,19,0.0,0.51553,
2j0nAB_1acbE_1acbI.pdb,2j0nAB,,0,9,0.0,0.6049500000000001,
2j3wAB_1acbE_1acbI.pdb,2j3wAB,,0,31,0.0,0.76729,
2j5xAB_1acbE_1acbI.pdb,2j5xAB,,0,14,0.0,0.61346,
2j90AB_1acbE_1acbI.pdb,2j90AB,,0,15,0.0,0.6188100000000001,
2jamAB_1acbE_1acbI.pdb,2jamAB,,0,14,0.0,0.62966,
2jgnAB_1acbE_1acbI.pdb,2jgnAB,,0,11,0.0,0.71604,
2nr5BC_1acbE_1acbI.pdb,2nr5BC,,0,9,0.0,0.64686,
2nvaEH_1acbE_1acbI.pdb,2nvaEH,,0,19,0.0,0.61675,
2nzjAB_1acbE_1acbI.pdb,2nzjAB,,0,9,0.0,0.7836700000000001,
2o8rAB_1acbE_1acbI.pdb,2o8rAB,,0,16,0.0,0.43651,
2ogyAB_1acbE_1acbI.pdb,2ogyAB,,0,14,0.0,0.5933900000000001,
2oieAD_1acbE_1acbI.pdb,2oieAD,,0,26,0.0,0.8233900000000001,
2om1dh_1acbE_1acbI.pdb,2om1dh,,0,13,0.0,0.87479,
2oo1AB_1acbE_1acbI.pdb,2oo1AB,,0,32,0.0,0.80829,
2opgAB_1acbE_1acbI.pdb,2opgAB,,0,11,0.0,0.57752,
2oszAB_1acbE_1acbI.pdb,2oszAB,,0,25,0.0,0.63154,
2p1lAC_1acbE_1acbI.pdb,2p1lAC,,0,10,0.0,0.64127,
2p2cHS_1acbE_1acbI.pdb,2p2cHS,,0,20,0.0,0.65319,
2p76DG_1acbE_1acbI.pdb,2p76DG,,0,22,0.0,0.74302,
2p88BF_1acbE_1acbI.pdb,2p88BF,,0,15,0.0,0.61022,
2pe3AC_1acbE_1acbI.pdb,2pe3AC,,0,16,0.0,0.6000099999999999,
2pliBC_1acbE_1acbI.pdb,2pliBC,,0,13,0.0,0.58688,
2popBD_1acbE_1acbI.pdb,2popBD,,0,17,0.0,0.63828,
2pp0BC_1acbE_1acbI.pdb,2pp0BC,,0,18,0.0,0.49679,
2ppyCD_1acbE_1acbI.pdb,2ppyCD,,0,15,0.0,0.81882,
2pvcAC_1acbE_1acbI.pdb,2pvcAC,,0,24,0.0,0.6786,
2pz0AB_1acbE_1acbI.pdb,2pz0AB,,0,18,0.0,0.64327,
2q9aAB_1acbE_1acbI.pdb,2q9aAB,,0,14,0.0,0.4759,
2qfaBC_1acbE_1acbI.pdb,2qfaBC,,0,12,0.0,0.60824,
2qmrAB_1acbE_1acbI.pdb,2qmrAB,,0,16,0.0,0.62131,
2qmrAC_1acbE_1acbI.pdb,2qmrAC,,0,31,0.0,0.76999,
2qq1AC_1acbE_1acbI.pdb,2qq1AC,,0,26,0.0,0.80413,
2r9qCD_1acbE_1acbI.pdb,2r9qCD,,0,25,0.0,0.54759,
2rdeAB_1acbE_1acbI.pdb,2rdeAB,,0,21,0.0,0.51874,
2rdmBC_1acbE_1acbI.pdb,2rdmBC,,0,14,0.0,0.83626,
2rkbBD_1acbE_1acbI.pdb,2rkbBD,,0,10,0.0,0.64472,
2rkkAB_1acbE_1acbI.pdb,2rkkAB,,0,24,0.0,0.62835,
2rl0BF_1acbE_1acbI.pdb,2rl0BF,,0,21,0.0,0.55002,
2uz3AC_1acbE_1acbI.pdb,2uz3AC,,0,10,0.0,0.50813,
2uzzAC_1acbE_1acbI.pdb,2uzzAC,,0,7,0.0,0.73627,
2v33AB_1acbE_1acbI.pdb,2v33AB,,0,11,0.0,0.53951,
2v8xAE_1acbE_1acbI.pdb,2v8xAE,,0,22,0.0,0.80105,
2vdiCE_1acbE_1acbI.pdb,2vdiCE,,0,14,0.0,0.7726299999999999,
2vkoAC_1acbE_1acbI.pdb,2vkoAC,,0,18,0.0,0.5677300000000001,
2vznAB_1acbE_1acbI.pdb,2vznAB,,0,10,0.0,0.76042,
2w0dAD_1acbE_1acbI.pdb,2w0dAD,,0,16,0.0,0.5291,
2w0sAB_1acbE_1acbI.pdb,2w0sAB,,0,22,0.0,0.74702,
2w6hHI_1acbE_1acbI.pdb,2w6hHI,,0,10,0.0,0.6495,
2w82CD_1acbE_1acbI.pdb,2w82CD,,0,19,0.0,0.73963,
2w9lMX_1acbE_1acbI.pdb,2w9lMX,,0,11,0.0,0.54728,
2w9lQR_1acbE_1acbI.pdb,2w9lQR,,0,13,0.0,0.5354,
2w9xAB_1acbE_1acbI.pdb,2w9xAB,,0,16,0.0,0.73278,
2wmcAB_1acbE_1acbI.pdb,2wmcAB,,0,14,0.0,0.7918000000000001,
2wmcEF_1acbE_1acbI.pdb,2wmcEF,,0,9,0.0,0.85838,
2wnwAB_1acbE_1acbI.pdb,2wnwAB,,0,12,0.0,0.55771,
2wp2AB_1acbE_1acbI.pdb,2wp2AB,,0,15,0.0,0.6425000000000001,
2wscAD_1acbE_1acbI.pdb,2wscAD,,0,15,0.0,0.528,
2wshCD_1acbE_1acbI.pdb,2wshCD,,0,8,0.0,0.76083,
2wvwFU_1acbE_1acbI.pdb,2wvwFU,,0,9,0.0,0.90623,
2wy3AB_1acbE_1acbI.pdb,2wy3AB,,0,19,0.0,0.6954400000000001,
2wy3CD_1acbE_1acbI.pdb,2wy3CD,,0,16,0.0,0.6787700000000001,
2wymDF_1acbE_1acbI.pdb,2wymDF,,0,17,0.0,0.68084,
2x4yCE_1acbE_1acbI.pdb,2x4yCE,,0,8,0.0,0.68259,
2x5dBD_1acbE_1acbI.pdb,2x5dBD,,0,12,0.0,0.7315100000000001,
2x64BD_1acbE_1acbI.pdb,2x64BD,,0,14,0.0,0.8862099999999999,
2xigBD_1acbE_1acbI.pdb,2xigBD,,0,10,0.0,0.87744,
2xkvAD_1acbE_1acbI.pdb,2xkvAD,,0,9,0.0,0.77267,
2xplAB_1acbE_1acbI.pdb,2xplAB,,0,16,0.0,0.69865,
2xrxBN_1acbE_1acbI.pdb,2xrxBN,,0,12,0.0,0.58385,
2xscAB_1acbE_1acbI.pdb,2xscAB,,0,28,0.0,0.71896,
2xwaAB_1acbE_1acbI.pdb,2xwaAB,,0,20,0.0,1.02399,
2xz0BD_1acbE_1acbI.pdb,2xz0BD,,0,17,0.0,0.80399,
2y3rAC_1acbE_1acbI.pdb,2y3rAC,,0,13,0.0,0.71996,
2y5iBD_1acbE_1acbI.pdb,2y5iBD,,0,8,0.0,0.72044,
2y79AB_1acbE_1acbI.pdb,2y79AB,,0,15,0.0,0.8143199999999999,
2y7cBD_1acbE_1acbI.pdb,2y7cBD,,0,22,0.0,0.72708,
2y7hBC_1acbE_1acbI.pdb,2y7hBC,,0,16,0.0,0.70312,
2y9jYr_1acbE_1acbI.pdb,2y9jYr,,0,17,0.0,0.50196,
2yy7AB_1acbE_1acbI.pdb,2yy7AB,,0,17,0.0,0.6500699999999999,
2z1bBC_1acbE_1acbI.pdb,2z1bBC,,0,9,0.0,0.52425,
2z3rGK_1acbE_1acbI.pdb,2z3rGK,,0,17,0.0,0.85295,
2z5fAB_1acbE_1acbI.pdb,2z5fAB,,0,12,0.0,0.74872,
2z8yDO_1acbE_1acbI.pdb,2z8yDO,,0,20,0.0,0.78373,
2z95BC_1acbE_1acbI.pdb,2z95BC,,0,10,0.0,0.86734,
2zejAB_1acbE_1acbI.pdb,2zejAB,,0,22,0.0,0.64105,
2zpnAB_1acbE_1acbI.pdb,2zpnAB,,0,13,0.0,0.82898,
2zy5AD_1acbE_1acbI.pdb,2zy5AD,,0,12,0.0,0.81715,
2zygAB_1acbE_1acbI.pdb,2zygAB,,0,7,0.0,0.60499,
2zzsGY_1acbE_1acbI.pdb,2zzsGY,,0,14,0.0,0.8086,
3a0hAV_1acbE_1acbI.pdb,3a0hAV,,0,34,0.0,0.61033,
3a29BD_1acbE_1acbI.pdb,3a29BD,,0,14,0.0,0.71286,
3a3oAB_1acbE_1acbI.pdb,3a3oAB,,0,14,0.0,0.56734,
3a8wAB_1acbE_1acbI.pdb,3a8wAB,,0,17,0.0,0.65387,
3amdBC_1acbE_1acbI.pdb,3amdBC,,0,14,0.0,0.7255400000000001,
3aogHL_1acbE_1acbI.pdb,3aogHL,,0,15,0.0,0.59142,
3b8fBC_1acbE_1acbI.pdb,3b8fBC,,0,16,0.0,0.57133,
3bk9EG_1acbE_1acbI.pdb,3bk9EG,,0,18,0.0,0.77995,
3brqAB_1acbE_1acbI.pdb,3brqAB,,0,20,0.0,0.57637,
3brwBD_1acbE_1acbI.pdb,3brwBD,,0,13,0.0,0.60971,
3bwuCD_1acbE_1acbI.pdb,3bwuCD,,0,13,0.0,0.67048,
3bzwAC_1acbE_1acbI.pdb,3bzwAC,,0,11,0.0,0.61636,
3c62BC_1acbE_1acbI.pdb,3c62BC,,0,7,0.0,0.71489,
3cb4CF_1acbE_1acbI.pdb,3cb4CF,,0,20,0.0,0.50386,
3cf0KL_1acbE_1acbI.pdb,3cf0KL,,0,13,0.0,0.5166999999999999,
3cg6AB_1acbE_1acbI.pdb,3cg6AB,,0,18,0.0,0.77384,
3cq6AE_1acbE_1acbI.pdb,3cq6AE,,0,14,0.0,0.881,
3cueSV_1acbE_1acbI.pdb,3cueSV,,0,14,0.0,0.65133,
3cwzAB_1acbE_1acbI.pdb,3cwzAB,,0,12,0.0,0.72785,
3d36AC_1acbE_1acbI.pdb,3d36AC,,0,9,0.0,0.83213,
3d3mAB_1acbE_1acbI.pdb,3d3mAB,,0,12,0.0,0.7489,
3d3nAB_1acbE_1acbI.pdb,3d3nAB,,0,26,0.0,0.82089,
3d85BC_1acbE_1acbI.pdb,3d85BC,,0,12,0.0,0.51078,
3dakAB_1acbE_1acbI.pdb,3dakAB,,0,25,0.0,0.7311799999999999,
3dalAB_1acbE_1acbI.pdb,3dalAB,,0,15,0.0,0.57805,
3delCF_1acbE_1acbI.pdb,3delCF,,0,11,0.0,0.55047,
3derAC_1acbE_1acbI.pdb,3derAC,,0,13,0.0,0.8789,
3dgcMR_1acbE_1acbI.pdb,3dgcMR,,0,18,0.0,0.77182,
3dhwAC_1acbE_1acbI.pdb,3dhwAC,,0,11,0.0,0.65999,
3dieAB_1acbE_1acbI.pdb,3dieAB,,0,9,0.0,0.64796,
3djaAB_1acbE_1acbI.pdb,3djaAB,,0,10,0.0,0.54017,
3dkuEH_1acbE_1acbI.pdb,3dkuEH,,0,16,0.0,0.66191,
3dp8BC_1acbE_1acbI.pdb,3dp8BC,,0,16,0.0,0.55308,
3dqvAD_1acbE_1acbI.pdb,3dqvAD,,0,22,0.0,0.72319,
3dtjAB_1acbE_1acbI.pdb,3dtjAB,,0,17,0.0,0.80264,
3dtoCD_1acbE_1acbI.pdb,3dtoCD,,0,18,0.0,0.62172,
3dxiAB_1acbE_1acbI.pdb,3dxiAB,,0,10,0.0,0.50899,
3dzcAB_1acbE_1acbI.pdb,3dzcAB,,0,20,0.0,0.59136,
3e15AB_1acbE_1acbI.pdb,3e15AB,,0,12,0.0,0.5356099999999999,
3e7kAB_1acbE_1acbI.pdb,3e7kAB,,0,13,0.0,0.54263,
3ecsDF_1acbE_1acbI.pdb,3ecsDF,,0,25,0.0,0.63466,
3ee7AB_1acbE_1acbI.pdb,3ee7AB,,0,16,0.0,0.83542,
3ee9AB_1acbE_1acbI.pdb,3ee9AB,,0,16,0.0,0.86826,
3eedAB_1acbE_1acbI.pdb,3eedAB,,0,13,0.0,0.51389,
3ehhAB_1acbE_1acbI.pdb,3ehhAB,,0,20,0.0,0.59336,
3eq5AJ_1acbE_1acbI.pdb,3eq5AJ,,0,16,0.0,0.91271,
3euwCD_1acbE_1acbI.pdb,3euwCD,,0,20,0.0,0.57416,
3ew3AC_1acbE_1acbI.pdb,3ew3AC,,0,10,0.0,0.68695,
3ezqAC_1acbE_1acbI.pdb,3ezqAC,,0,14,0.0,0.66176,
3f41AB_1acbE_1acbI.pdb,3f41AB,,0,24,0.0,0.50284,
3f51AB_1acbE_1acbI.pdb,3f51AB,,0,13,0.0,0.87067,
3f56DF_1acbE_1acbI.pdb,3f56DF,,0,19,0.0,0.6915899999999999,
3f5cAB_1acbE_1acbI.pdb,3f5cAB,,0,14,0.0,0.73461,
3f7gBD_1acbE_1acbI.pdb,3f7gBD,,0,20,0.0,0.65683,
3f8lBD_1acbE_1acbI.pdb,3f8lBD,,0,10,0.0,0.7023699999999999,
3fauBC_1acbE_1acbI.pdb,3fauBC,,0,20,0.0,0.81894,
3fb2AB_1acbE_1acbI.pdb,3fb2AB,,0,20,0.0,0.65308,
3fc6CD_1acbE_1acbI.pdb,3fc6CD,,0,22,0.0,0.66121,
3flcOX_1acbE_1acbI.pdb,3flcOX,,0,12,0.0,0.79358,
3fm8CD_1acbE_1acbI.pdb,3fm8CD,,0,12,0.0,0.47981,
3fn2AB_1acbE_1acbI.pdb,3fn2AB,,0,16,0.0,0.573,
3frwBH_1acbE_1acbI.pdb,3frwBH,,0,19,0.0,0.7101500000000001,
3fs7BC_1acbE_1acbI.pdb,3fs7BC,,0,18,0.0,0.55318,
3fwcMN_1acbE_1acbI.pdb,3fwcMN,,0,16,0.0,0.7326699999999999,
3fy6AC_1acbE_1acbI.pdb,3fy6AC,,0,8,0.0,0.64713,
3g5aAF_1acbE_1acbI.pdb,3g5aAF,,0,23,0.0,0.53852,
3g6kAF_1acbE_1acbI.pdb,3g6kAF,,0,13,0.0,0.54242,
3g74AB_1acbE_1acbI.pdb,3g74AB,,0,15,0.0,0.6921999999999999,
3gagCD_1acbE_1acbI.pdb,3gagCD,,0,18,0.0,0.6096999999999999,
3gghAB_1acbE_1acbI.pdb,3gghAB,,0,10,0.0,0.58226,
3ggzAD_1acbE_1acbI.pdb,3ggzAD,,0,14,0.0,0.72575,
3gl9BC_1acbE_1acbI.pdb,3gl9BC,,0,14,0.0,0.7644299999999999,
3gplAB_1acbE_1acbI.pdb,3gplAB,,0,23,0.0,0.54204,
3gtaAB_1acbE_1acbI.pdb,3gtaAB,,0,11,0.0,0.69011,
3gumAB_1acbE_1acbI.pdb,3gumAB,,0,22,0.0,0.68822,
3gwlAB_1acbE_1acbI.pdb,3gwlAB,,0,24,0.0,0.73734,
3gxaDE_1acbE_1acbI.pdb,3gxaDE,,0,11,0.0,0.54257,
3gxrAB_1acbE_1acbI.pdb,3gxrAB,,0,18,0.0,0.63144,
3gxvAB_1acbE_1acbI.pdb,3gxvAB,,0,18,0.0,0.74456,
3gxxAB_1acbE_1acbI.pdb,3gxxAB,,0,11,0.0,0.86746,
3h5lAB_1acbE_1acbI.pdb,3h5lAB,,0,13,0.0,0.6246700000000001,
3havAC_1acbE_1acbI.pdb,3havAC,,0,13,0.0,0.69686,
3hhwEO_1acbE_1acbI.pdb,3hhwEO,,0,24,0.0,0.84382,
3ho6AB_1acbE_1acbI.pdb,3ho6AB,,0,14,0.0,0.8101,
3ho7AB_1acbE_1acbI.pdb,3ho7AB,,0,10,0.0,0.57485,
3hoxBI_1acbE_1acbI.pdb,3hoxBI,,0,15,0.0,0.54791,
3i6xBC_1acbE_1acbI.pdb,3i6xBC,,0,16,0.0,0.82977,
3i8nAB_1acbE_1acbI.pdb,3i8nAB,,0,33,0.0,0.76403,
3i8sAB_1acbE_1acbI.pdb,3i8sAB,,0,11,0.0,0.51684,
3icoAC_1acbE_1acbI.pdb,3icoAC,,0,14,0.0,0.83933,
3icqCU_1acbE_1acbI.pdb,3icqCU,,0,12,0.0,0.66056,
3iebCD_1acbE_1acbI.pdb,3iebCD,,0,15,0.0,0.88228,
3ihlAB_1acbE_1acbI.pdb,3ihlAB,,0,10,0.0,0.68536,
3ikbAB_1acbE_1acbI.pdb,3ikbAB,,0,11,0.0,0.5894699999999999,
3itmBD_1acbE_1acbI.pdb,3itmBD,,0,19,0.0,0.74933,
3iwfAB_1acbE_1acbI.pdb,3iwfAB,,0,19,0.0,0.63368,
3ix7AB_1acbE_1acbI.pdb,3ix7AB,,0,16,0.0,0.66638,
3jr7AB_1acbE_1acbI.pdb,3jr7AB,,0,15,0.0,0.83456,
3jrqAB_1acbE_1acbI.pdb,3jrqAB,,0,27,0.0,0.74456,
3jueAB_1acbE_1acbI.pdb,3jueAB,,0,12,0.0,0.67326,
3k70FG_1acbE_1acbI.pdb,3k70FG,,0,20,0.0,0.63427,
3k77DE_1acbE_1acbI.pdb,3k77DE,,0,18,0.0,0.51876,
3k9lAB_1acbE_1acbI.pdb,3k9lAB,,0,22,0.0,0.76559,
3knzAC_1acbE_1acbI.pdb,3knzAC,,0,21,0.0,0.8677999999999999,
3ks2AB_1acbE_1acbI.pdb,3ks2AB,,0,9,0.0,0.64303,
3kurGH_1acbE_1acbI.pdb,3kurGH,,0,17,0.0,0.7544200000000001,
3kxpBC_1acbE_1acbI.pdb,3kxpBC,,0,19,0.0,0.7213,
3kzyAB_1acbE_1acbI.pdb,3kzyAB,,0,15,0.0,0.79217,
3lb5BD_1acbE_1acbI.pdb,3lb5BD,,0,30,0.0,0.50736,
3ld0GI_1acbE_1acbI.pdb,3ld0GI,,0,14,0.0,0.8726700000000001,
3logAC_1acbE_1acbI.pdb,3logAC,,0,19,0.0,0.7385,
3logCD_1acbE_1acbI.pdb,3logCD,,0,14,0.0,0.57915,
3lsgCD_1acbE_1acbI.pdb,3lsgCD,,0,18,0.0,0.60227,
3lueJT_1acbE_1acbI.pdb,3lueJT,,0,10,0.0,0.65036,
3m1rAF_1acbE_1acbI.pdb,3m1rAF,,0,8,0.0,0.57172,
3m1yAC_1acbE_1acbI.pdb,3m1yAC,,0,17,0.0,0.60944,
3m9uBC_1acbE_1acbI.pdb,3m9uBC,,0,15,0.0,0.77152,
3mj5AB_1acbE_1acbI.pdb,3mj5AB,,0,18,0.0,0.64424,
3mlnAE_1acbE_1acbI.pdb,3mlnAE,,0,19,0.0,0.5915999999999999,
3mvtAC_1acbE_1acbI.pdb,3mvtAC,,0,19,0.0,0.7081500000000001,
3n4qBC_1acbE_1acbI.pdb,3n4qBC,,0,10,0.0,0.82107,
3na2AD_1acbE_1acbI.pdb,3na2AD,,0,9,0.0,0.64144,
3nekAB_1acbE_1acbI.pdb,3nekAB,,0,8,0.0,0.52633,
3nf5AB_1acbE_1acbI.pdb,3nf5AB,,0,9,0.0,0.52711,
3nyzAB_1acbE_1acbI.pdb,3nyzAB,,0,12,0.0,0.60809,
3o21BD_1acbE_1acbI.pdb,3o21BD,,0,21,0.0,0.85468,
3o65EF_1acbE_1acbI.pdb,3o65EF,,0,30,0.0,0.62706,
3o6oAB_1acbE_1acbI.pdb,3o6oAB,,0,14,0.0,0.58212,
3o93CD_1acbE_1acbI.pdb,3o93CD,,0,14,0.0,0.73937,
3o9sAB_1acbE_1acbI.pdb,3o9sAB,,0,11,0.0,0.90025,
3ol3AB_1acbE_1acbI.pdb,3ol3AB,,0,13,0.0,0.81868,
3onlAC_1acbE_1acbI.pdb,3onlAC,,0,20,0.0,0.77502,
3osjBC_1acbE_1acbI.pdb,3osjBC,,0,9,0.0,0.8585,
3ourEH_1acbE_1acbI.pdb,3ourEH,,0,24,0.0,0.7288600000000001,
3ovwAB_1acbE_1acbI.pdb,3ovwAB,,0,25,0.0,0.54493,
3owqCD_1acbE_1acbI.pdb,3owqCD,,0,13,0.0,0.57714,
3owuAC_1acbE_1acbI.pdb,3owuAC,,0,9,0.0,0.8147,
3oxoDH_1acbE_1acbI.pdb,3oxoDH,,0,16,0.0,0.55768,
3p03BC_1acbE_1acbI.pdb,3p03BC,,0,30,0.0,0.72831,
3p7xBD_1acbE_1acbI.pdb,3p7xBD,,0,16,0.0,0.7314400000000001,
3p9yAC_1acbE_1acbI.pdb,3p9yAC,,0,10,0.0,0.82438,
3pcqBM_1acbE_1acbI.pdb,3pcqBM,,0,11,0.0,0.7424299999999999,
3pdkAB_1acbE_1acbI.pdb,3pdkAB,,0,20,0.0,0.57491,
3pduDE_1acbE_1acbI.pdb,3pduDE,,0,23,0.0,0.6139,
3ph0AC_1acbE_1acbI.pdb,3ph0AC,,0,18,0.0,0.79752,
3plzAB_1acbE_1acbI.pdb,3plzAB,,0,17,0.0,0.84188,
3pskAB_1acbE_1acbI.pdb,3pskAB,,0,13,0.0,0.83511,
3pu2AD_1acbE_1acbI.pdb,3pu2AD,,0,14,0.0,0.59641,
3pv0EG_1acbE_1acbI.pdb,3pv0EG,,0,12,0.0,0.53747,
3q2lAB_1acbE_1acbI.pdb,3q2lAB,,0,10,0.0,0.73801,
3q4dAG_1acbE_1acbI.pdb,3q4dAG,,0,18,0.0,0.6222300000000001,
3q9uAC_1acbE_1acbI.pdb,3q9uAC,,0,15,0.0,0.47337,
3qemAB_1acbE_1acbI.pdb,3qemAB,,0,13,0.0,0.62295,
3qkdAB_1acbE_1acbI.pdb,3qkdAB,,0,14,0.0,0.8274699999999999,
3qmmAB_1acbE_1acbI.pdb,3qmmAB,,0,24,0.0,0.85358,
3qprDE_1acbE_1acbI.pdb,3qprDE,,0,15,0.0,0.60626,
3qvmAB_1acbE_1acbI.pdb,3qvmAB,,0,11,0.0,0.62044,
3r0lAB_1acbE_1acbI.pdb,3r0lAB,,0,19,0.0,0.9374,
3r2uBD_1acbE_1acbI.pdb,3r2uBD,,0,10,0.0,0.58707,
3r8kBC_1acbE_1acbI.pdb,3r8kBC,,0,18,0.0,0.6478200000000001,
3raqAB_1acbE_1acbI.pdb,3raqAB,,0,13,0.0,0.81165,
3reaCD_1acbE_1acbI.pdb,3reaCD,,0,23,0.0,0.7664899999999999,
3rmrAB_1acbE_1acbI.pdb,3rmrAB,,0,10,0.0,0.54771,
3rqcCE_1acbE_1acbI.pdb,3rqcCE,,0,17,0.0,0.73153,
3rrtCD_1acbE_1acbI.pdb,3rrtCD,,0,8,0.0,0.47324,
3s29CD_1acbE_1acbI.pdb,3s29CD,,0,9,0.0,0.56409,
3s5pAB_1acbE_1acbI.pdb,3s5pAB,,0,28,0.0,0.7028,
3sajCD_1acbE_1acbI.pdb,3sajCD,,0,18,0.0,0.7719199999999999,
3sc6CE_1acbE_1acbI.pdb,3sc6CE,,0,9,0.0,0.57445,
3sevCE_1acbE_1acbI.pdb,3sevCE,,0,16,0.0,0.6902200000000001,
3sn6BN_1acbE_1acbI.pdb,3sn6BN,,0,20,0.0,0.54341,
3swhAB_1acbE_1acbI.pdb,3swhAB,,0,24,0.0,0.68701,
3t1qAB_1acbE_1acbI.pdb,3t1qAB,,0,14,0.0,0.85859,
3t6oAB_1acbE_1acbI.pdb,3t6oAB,,0,14,0.0,0.84894,
3td5CD_1acbE_1acbI.pdb,3td5CD,,0,11,0.0,0.73447,
3tl8AD_1acbE_1acbI.pdb,3tl8AD,,0,9,0.0,0.62629,
3tl8DK_1acbE_1acbI.pdb,3tl8DK,,0,18,0.0,0.7209399999999999,
3tlfBD_1acbE_1acbI.pdb,3tlfBD,,0,19,0.0,0.85936,
3tnfAB_1acbE_1acbI.pdb,3tnfAB,,0,20,0.0,0.6482399999999999,
3tqwAB_1acbE_1acbI.pdb,3tqwAB,,0,21,0.0,0.52321,
3ts8AC_1acbE_1acbI.pdb,3ts8AC,,0,9,0.0,0.60158,
3ty6CE_1acbE_1acbI.pdb,3ty6CE,,0,11,0.0,0.8746099999999999,
3u1tAB_1acbE_1acbI.pdb,3u1tAB,,0,18,0.0,0.87261,
3u2eAB_1acbE_1acbI.pdb,3u2eAB,,0,23,0.0,0.83184,
3uuwBD_1acbE_1acbI.pdb,3uuwBD,,0,14,0.0,0.524,
3v4pBH_1acbE_1acbI.pdb,3v4pBH,,0,20,0.0,0.46416,
3zs2BD_1acbE_1acbI.pdb,3zs2BD,,0,9,0.0,0.5549200000000001,
3zt7AB_1acbE_1acbI.pdb,3zt7AB,,0,10,0.0,0.42215,
4a3cBK_1acbE_1acbI.pdb,4a3cBK,,0,14,0.0,0.62533,
4akeAB_1acbE_1acbI.pdb,4akeAB,,0,17,0.0,0.76901,
5pgmAC_1acbE_1acbI.pdb,5pgmAC,,0,19,0.0,0.6254,
